X,Y,FFMC,DMC,DC,ISI,temp,RH,wind,rain,area,month_aug,month_dec,month_feb,month_jan,month_jul,month_jun,month_mar,month_may,month_nov,month_oct,month_sep,day_mon,day_sat,day_sun,day_thu,day_tue,day_wed,sampleNum
6,5,93.3,141.2,713.9,13.9,22.9,44,5.4,0.0,0.0,False,False,False,False,False,False,False,False,False,False,True,False,False,False,False,False,False,14
8,6,92.2,81.8,480.8,11.9,16.4,43,4.0,0.0,4.280824129164719,True,False,False,False,False,False,False,False,False,False,False,False,True,False,False,False,False,228
2,5,93.9,169.7,411.8,12.3,23.4,40,6.3,0.0,0.0,False,False,False,False,True,False,False,False,False,False,False,False,False,True,False,False,False,284
2,4,92.4,105.8,758.1,9.9,24.9,27,2.2,0.0,0.0,False,False,False,False,False,False,False,False,False,False,True,False,False,True,False,False,False,308
2,4,95.0,135.5,596.3,21.3,30.6,28,3.6,0.0,1.1216775615991057,True,False,False,False,False,False,False,False,False,False,False,True,False,False,False,False,False,484
4,4,94.3,167.6,684.4,13.0,21.8,53,3.1,0.0,2.020222182019865,True,False,False,False,False,False,False,False,False,False,False,False,False,False,False,False,False,263
7,4,91.6,273.8,819.1,7.7,15.5,72,8.0,0.0,1.0784095813505903,True,False,False,False,False,False,False,False,False,False,False,False,True,False,False,False,False,458
4,5,90.2,99.6,631.2,6.3,21.4,33,3.1,0.0,0.0,True,False,False,False,False,False,False,False,False,False,False,False,False,True,False,False,False,106
4,4,90.9,126.5,686.5,7.0,17.7,39,2.2,0.0,1.4036429994545037,False,False,False,False,False,False,False,False,False,False,True,True,False,False,False,False,False,172
4,4,85.4,25.4,349.7,2.6,4.6,21,8.5,0.0,2.3767644911682972,False,True,False,False,False,False,False,False,False,False,False,True,False,False,False,False,False,278
6,5,91.9,111.7,770.3,6.5,19.6,45,3.1,0.0,3.0459499897146083,False,False,False,False,False,False,False,False,False,False,True,False,False,False,False,True,False,364
3,4,91.2,134.7,817.5,7.2,18.5,30,2.7,0.0,0.0,False,False,False,False,False,False,False,False,False,False,True,False,False,False,False,False,True,314
2,4,94.2,122.3,589.9,12.9,15.4,66,4.0,0.0,2.4096441652874536,True,False,False,False,False,False,False,False,False,False,False,False,False,True,False,False,False,241
3,4,91.6,248.4,753.8,6.3,16.8,56,3.1,0.0,0.0,True,False,False,False,False,False,False,False,False,False,False,False,False,False,True,False,False,453
8,6,91.2,147.8,377.2,12.7,19.6,43,4.9,0.0,0.0,False,False,False,False,False,True,False,False,False,False,False,False,False,False,False,False,True,297
8,6,93.1,157.3,666.7,13.5,28.7,28,2.7,0.0,0.0,True,False,False,False,False,False,False,False,False,False,False,False,False,False,False,False,True,247
6,5,63.5,70.8,665.3,0.8,17.0,72,6.7,0.0,0.0,True,False,False,False,False,False,False,False,False,False,False,False,False,False,False,False,False,11
1,4,91.0,129.5,692.6,7.0,21.7,38,2.2,0.0,0.35767444427181594,False,False,False,False,False,False,False,False,False,False,True,False,False,False,False,True,False,138
8,6,93.7,231.1,715.1,8.4,18.9,64,4.9,0.0,0.0,True,False,False,False,False,False,False,False,False,False,False,False,True,False,False,False,False,460
6,5,53.4,71.0,233.8,0.4,10.6,90,2.7,0.0,0.0,False,False,False,False,False,True,False,False,False,False,False,False,True,False,False,False,False,298
3,4,88.8,147.3,614.5,9.0,14.4,66,5.4,0.0,0.0,True,False,False,False,False,False,False,False,False,False,False,False,False,False,False,True,False,100
6,5,92.6,115.4,777.1,8.8,24.3,27,4.9,0.0,0.0,False,False,False,False,False,False,False,False,False,False,True,False,False,False,False,False,True,312
8,6,92.1,207.0,672.6,8.2,26.8,35,1.3,0.0,0.43178241642553783,True,False,False,False,False,False,False,False,False,False,False,True,False,False,False,False,False,435
4,3,92.1,111.2,654.1,9.6,20.4,42,4.9,0.0,0.0,True,False,False,False,False,False,False,False,False,False,False,False,False,False,False,False,True,52
2,2,94.6,212.1,680.9,9.5,27.9,27,2.2,0.0,0.0,True,False,False,False,False,False,False,False,False,False,False,False,False,False,False,True,False,404
6,6,94.2,62.3,442.9,11.0,23.0,36,3.1,0.0,0.0,False,False,False,False,True,False,False,False,False,False,False,True,False,False,False,False,False,46
7,4,89.6,84.1,714.3,5.7,17.1,53,5.4,0.0,0.3435897043900769,False,False,False,False,False,False,False,False,False,False,True,False,False,True,False,False,False,305
6,4,95.2,131.7,578.8,10.4,20.3,41,4.0,0.0,1.0647107369924282,True,False,False,False,False,False,False,False,False,False,False,False,False,False,True,False,False,160
4,5,96.2,175.5,661.8,16.8,32.6,26,3.1,0.0,1.3270750014599193,True,False,False,False,False,False,False,False,False,False,False,True,False,False,False,False,False,495
6,5,91.0,166.9,752.6,7.1,18.2,62,5.4,0.0,0.35767444427181594,True,False,False,False,False,False,False,False,False,False,False,False,False,False,False,False,False,509
4,4,95.1,141.3,605.8,17.7,19.4,71,7.6,0.0,3.8649313978942956,True,False,False,False,False,False,False,False,False,False,False,False,False,False,False,True,False,487
4,3,92.9,137.0,706.4,9.2,27.7,24,2.2,0.0,0.0,False,False,False,False,False,False,False,False,False,False,True,False,False,False,True,False,False,54
7,4,90.1,82.9,735.7,6.2,15.4,57,4.5,0.0,3.6560979645895566,False,False,False,False,False,False,False,False,False,False,True,False,False,False,False,False,True,223
7,4,91.4,142.4,601.4,10.6,16.3,60,5.4,0.0,0.0,True,False,False,False,False,False,False,False,False,False,False,False,False,True,False,False,False,24
1,2,92.1,111.2,654.1,9.6,16.6,47,0.9,0.0,0.0,True,False,False,False,False,False,False,False,False,False,False,False,False,False,False,False,True,82
6,5,75.1,4.4,16.2,1.9,4.6,82,6.3,0.0,1.8547342683894434,False,False,True,False,False,False,False,False,False,False,False,False,False,False,False,True,False,462
7,4,93.5,139.4,594.2,20.3,23.7,32,5.8,0.0,0.0,True,False,False,False,False,False,False,False,False,False,False,False,True,False,False,False,False,23
3,4,91.0,129.5,692.6,7.0,13.9,59,6.3,0.0,2.50470927708418,False,False,False,False,False,False,False,False,False,False,True,False,False,False,False,True,False,197
3,4,92.1,99.0,745.3,9.6,17.4,57,4.5,0.0,0.0,False,False,False,False,False,False,False,False,False,False,True,False,False,False,False,False,False,347
4,5,85.0,9.0,56.9,3.5,10.1,62,1.8,0.0,3.966132331075178,False,False,True,False,False,False,False,False,False,False,False,False,False,True,False,False,False,394
2,5,93.9,135.7,586.7,15.1,23.5,36,5.4,0.0,2.3997118037247684,True,False,False,False,False,False,False,False,False,False,False,False,False,False,False,False,False,194
7,4,81.6,56.7,665.6,1.9,21.2,70,6.7,0.0,2.498151876538021,True,False,False,False,False,False,False,False,False,False,False,False,False,True,False,False,False,513
6,3,91.6,138.1,621.7,6.3,18.9,41,3.1,0.0,2.428336298299606,True,False,False,False,False,False,False,False,False,False,False,False,False,False,True,False,False,253
6,4,90.4,89.5,290.8,6.4,14.3,46,1.8,0.0,0.6418538861723948,False,False,False,False,False,True,False,False,False,False,False,False,False,True,False,False,False,295
6,6,96.0,164.0,643.0,14.0,30.8,30,4.9,0.0,2.2607208888953467,True,False,False,False,False,False,False,False,False,False,False,False,True,False,False,False,False,493
3,4,93.3,141.2,713.9,13.9,18.6,49,3.6,0.0,3.607669398688393,False,False,False,False,False,False,False,False,False,False,True,False,False,False,False,False,False,220
4,3,90.3,290.0,855.3,7.4,19.9,44,3.1,0.0,2.174751721484161,False,False,False,False,False,False,False,False,False,False,True,False,False,False,False,False,False,407
2,5,90.2,99.6,631.2,6.3,19.2,44,2.7,0.0,1.7387102481382397,True,False,False,False,False,False,False,False,False,False,False,False,False,True,False,False,False,176
8,6,90.2,99.6,631.2,6.3,16.2,59,3.1,0.0,3.4986265269937014,True,False,False,False,False,False,False,False,False,False,False,False,False,True,False,False,False,219
8,6,95.2,217.7,690.0,18.0,28.2,29,1.8,0.0,1.925707441737794,True,False,False,False,False,False,False,False,False,False,False,False,False,False,False,False,True,381
6,5,85.1,28.0,113.8,3.5,11.3,94,4.9,0.0,0.0,False,False,False,False,False,False,False,True,False,False,False,False,True,False,False,False,False,303
8,6,94.2,117.2,581.1,11.0,23.9,41,2.2,0.0,2.199444334074532,True,False,False,False,False,False,False,False,False,False,False,False,True,False,False,False,False,255
6,5,93.1,157.3,666.7,13.5,22.1,37,3.6,0.0,0.19062035960864973,True,False,False,False,False,False,False,False,False,False,False,False,False,False,False,False,True,251
4,4,92.6,115.4,777.1,8.8,19.7,41,1.8,0.0,0.9477893989335261,False,False,False,False,False,False,False,False,False,False,True,False,False,False,False,False,True,313
2,5,91.6,104.2,474.9,9.0,18.7,53,1.8,0.0,0.0,False,False,False,False,True,False,False,False,False,False,False,False,True,False,False,False,False,289
2,4,63.5,70.8,665.3,0.8,22.6,38,3.6,0.0,2.511223958105374,False,False,False,False,False,False,False,False,False,False,True,True,False,False,False,False,False,198
2,2,91.7,114.3,661.3,6.3,18.6,44,4.5,0.0,0.0,True,False,False,False,False,False,False,False,False,False,False,False,False,False,True,False,False,64
5,6,90.9,126.5,686.5,7.0,14.7,70,3.6,0.0,0.0,False,False,False,False,False,False,False,False,False,False,True,True,False,False,False,False,False,45
1,2,90.1,108.0,529.8,12.5,14.7,66,2.7,0.0,0.0,True,False,False,False,False,False,False,False,False,False,False,False,False,False,False,False,False,77
6,5,90.9,18.9,30.6,8.0,8.7,51,5.8,0.0,0.0,False,False,False,False,False,False,True,False,False,False,False,False,False,False,True,False,False,377
5,4,95.1,141.3,605.8,17.7,24.1,43,6.3,0.0,1.0986122886681098,True,False,False,False,False,False,False,False,False,False,False,False,False,False,False,True,False,485
4,3,93.2,114.4,560.0,9.5,30.2,22,4.9,0.0,0.0,False,False,False,False,True,False,False,False,False,False,False,False,False,False,True,False,False,480
3,4,91.6,112.4,573.0,8.9,11.2,84,7.6,0.0,1.4586150226995167,True,False,False,False,False,False,False,False,False,False,False,False,False,False,False,False,False,260
1,2,92.9,137.0,706.4,9.2,25.4,27,2.2,0.0,0.0,False,False,False,False,False,False,False,False,False,False,True,False,False,False,True,False,False,85
3,5,88.1,25.7,67.6,3.8,15.5,27,6.3,0.0,0.0,False,False,False,False,False,False,True,False,False,False,False,False,False,False,False,True,False,114
4,3,87.6,52.2,103.8,5.0,11.0,46,5.8,0.0,3.6336309798834576,False,False,False,False,False,False,True,False,False,False,False,True,False,False,False,False,False,221
1,2,95.5,99.9,513.3,13.2,23.3,31,4.5,0.0,0.4382549309311553,True,False,False,False,False,False,False,False,False,False,False,False,False,False,False,False,True,140
1,2,93.5,149.3,728.6,8.1,25.3,36,3.6,0.0,0.0,False,False,False,False,False,False,False,False,False,False,True,False,False,True,False,False,False,87
8,3,88.2,96.2,229.0,4.7,14.3,79,4.0,0.0,1.0784095813505903,False,False,False,False,False,True,False,False,False,False,False,True,False,False,False,False,False,471
2,2,93.0,75.3,466.6,7.7,18.8,35,4.9,0.0,0.0,True,False,False,False,False,False,False,False,False,False,False,False,False,False,True,False,False,61
1,4,90.5,196.8,649.9,16.3,11.8,88,4.9,0.0,2.3711778844596574,True,False,False,False,False,False,False,False,False,False,False,False,False,False,False,False,False,450
8,6,92.3,85.3,488.0,14.7,20.8,32,6.3,0.0,0.0,True,False,False,False,False,False,False,False,False,False,False,False,False,True,False,False,False,91
4,4,90.1,82.9,735.7,6.2,12.9,74,4.9,0.0,0.0,False,False,False,False,False,False,False,False,False,False,True,False,False,False,False,False,True,43
6,5,90.1,37.6,83.7,7.2,12.4,54,3.6,0.0,2.5726122302071057,False,False,False,False,False,False,True,False,False,False,False,False,False,True,False,False,False,200
4,3,94.5,139.4,689.1,20.0,28.9,29,4.9,0.0,3.923753928303845,True,False,False,False,False,False,False,False,False,False,False,False,False,False,False,False,True,503
1,4,92.3,96.2,450.2,12.1,23.4,31,5.4,0.0,0.0,False,False,False,False,True,False,False,False,False,False,False,False,False,False,False,True,False,408
5,6,90.6,50.1,100.4,7.8,15.1,64,4.0,0.0,2.7073833121145063,False,False,False,False,False,False,True,False,False,False,False,False,True,False,False,False,False,203
6,5,94.3,131.7,607.1,22.7,19.4,55,4.0,0.0,0.15700374880966478,True,False,False,False,False,False,False,False,False,False,False,False,False,False,False,True,False,265
3,4,69.0,2.4,15.5,0.7,17.4,24,5.4,0.0,0.0,False,False,False,False,False,False,True,False,False,False,False,False,True,False,False,False,False,96
7,4,94.3,85.1,692.3,15.9,20.1,47,4.9,0.0,3.3006401266708405,False,False,False,False,False,False,False,False,False,False,True,False,False,False,False,False,False,211
4,3,93.5,85.3,395.0,9.9,27.2,28,1.3,0.0,1.0152306797290584,False,False,False,False,True,False,False,False,False,False,False,False,False,False,True,False,False,475
5,5,94.0,47.9,100.7,10.7,17.3,80,4.5,0.0,0.0,True,False,False,False,False,False,False,False,False,False,False,False,False,True,False,False,False,444
1,3,88.6,91.8,709.9,7.1,12.4,73,6.3,0.0,3.4442568711226023,False,False,False,False,False,False,False,False,False,False,True,True,False,False,False,False,False,216
4,5,94.3,85.1,692.3,15.9,17.7,37,3.6,0.0,0.0,False,False,False,False,False,False,False,False,False,False,True,False,False,False,False,False,False,70
8,5,93.1,157.3,666.7,13.5,26.8,25,3.1,0.0,0.5187937934151675,True,False,False,False,False,False,False,False,False,False,False,False,False,False,False,False,True,249
3,6,91.1,94.1,232.1,7.1,19.2,38,4.5,0.0,0.0,False,False,False,False,False,True,False,False,False,False,False,False,False,False,False,False,False,302
4,4,91.7,35.8,80.8,7.8,17.0,27,4.9,0.0,3.389799336709786,False,False,False,False,False,False,True,False,False,False,False,False,True,False,False,False,False,213
5,4,91.7,33.3,77.5,9.0,15.6,25,6.3,0.0,0.0,False,False,False,False,False,False,True,False,False,False,False,False,False,False,False,False,False,71
6,5,87.1,291.3,860.6,4.0,17.0,67,4.9,0.0,1.599387576580599,False,False,False,False,False,False,False,False,False,False,True,False,True,False,False,False,False,405
4,4,92.1,99.0,745.3,9.6,20.8,35,4.9,0.0,2.643333886382519,False,False,False,False,False,False,False,False,False,False,True,False,False,False,False,False,False,354
7,6,93.1,180.4,430.8,11.0,26.9,28,5.4,0.0,4.471067201464611,False,False,False,False,True,False,False,False,False,False,False,False,False,False,False,True,False,292
4,3,91.9,111.7,770.3,6.5,15.9,53,2.2,0.0,1.3686394258811698,False,False,False,False,False,False,False,False,False,False,True,False,False,False,False,True,False,362
1,4,90.2,96.9,624.2,8.9,20.3,39,4.9,0.0,1.7101878155342434,True,False,False,False,False,False,False,False,False,False,False,False,True,False,False,False,False,174
7,4,94.8,108.3,647.1,17.0,16.4,47,1.3,0.0,0.9400072584914712,True,False,False,False,False,False,False,False,False,False,False,False,False,True,False,False,False,154
7,4,90.6,43.7,686.9,6.7,14.6,33,1.3,0.0,0.0,False,False,False,False,False,False,False,False,False,True,False,False,True,False,False,False,False,1
7,4,91.6,181.3,613.0,7.6,19.3,61,4.9,0.0,0.0,True,False,False,False,False,False,False,False,False,False,False,False,False,True,False,False,False,448
1,4,89.6,84.1,714.3,5.7,19.0,52,2.2,0.0,0.0,False,False,False,False,False,False,False,False,False,False,True,False,False,True,False,False,False,304
4,4,92.4,96.2,739.4,8.6,19.2,24,4.9,0.0,1.5644405465033644,False,False,False,False,False,False,False,False,False,False,True,False,False,False,True,False,False,316
6,3,90.3,80.7,730.2,6.3,18.2,62,4.5,0.0,0.0,False,False,False,False,False,False,False,False,False,False,True,False,False,False,False,True,False,34
8,6,92.5,121.1,674.4,8.6,17.8,56,1.8,0.0,1.0818051703517284,False,False,False,False,False,False,False,False,False,False,True,False,True,False,False,False,False,162
4,4,88.1,25.7,67.6,3.8,14.1,43,2.7,0.0,0.0,False,False,False,False,False,False,True,False,False,False,False,False,False,False,False,True,False,38
1,3,91.0,276.3,825.1,7.1,21.9,43,4.0,0.0,4.27332721775054,False,False,False,False,False,False,False,False,False,False,True,False,False,True,False,False,False,391
3,4,89.7,90.0,704.4,4.8,22.8,39,3.6,0.0,0.0,False,False,False,False,False,False,False,False,False,False,True,False,False,True,False,False,False,111
4,4,92.1,152.6,658.2,14.3,19.1,53,2.7,0.0,1.6863989535702288,True,False,False,False,False,False,False,False,False,False,False,False,False,False,False,True,False,268
6,3,91.0,14.6,25.6,12.3,13.7,33,9.4,0.0,4.129228964075603,False,False,False,False,False,False,False,False,False,False,False,False,False,True,False,False,False,468
3,4,92.6,46.5,691.8,8.8,20.6,24,5.4,0.0,0.0,False,False,False,False,False,False,False,False,False,True,False,False,False,True,False,False,False,124
6,4,90.8,41.9,89.4,7.9,13.3,42,0.9,0.0,2.128231705849268,False,False,False,False,False,False,True,False,False,False,False,False,True,False,False,False,False,187
4,4,92.9,137.0,706.4,9.2,20.8,17,1.3,0.0,0.0,False,False,False,False,False,False,False,False,False,False,True,False,False,False,True,False,False,49
6,5,81.5,9.1,55.2,2.7,5.8,54,5.8,0.0,2.4790562361098245,False,False,False,False,False,False,False,False,False,False,False,False,False,False,True,False,False,195
2,4,93.6,97.9,542.0,14.4,28.3,32,4.0,0.0,2.2874714551839976,True,False,False,False,False,False,False,False,False,False,False,True,False,False,False,False,False,259
2,4,92.1,207.0,672.6,8.2,27.9,33,2.2,0.0,1.208960345836975,True,False,False,False,False,False,False,False,False,False,False,True,False,False,False,False,False,426
4,5,91.7,33.3,77.5,9.0,17.2,26,4.5,0.0,0.0,False,False,False,False,False,False,True,False,False,False,False,False,False,False,False,False,False,68
4,5,92.9,137.0,706.4,9.2,22.1,34,1.8,0.0,2.745345985845907,False,False,False,False,False,False,False,False,False,False,True,False,False,False,True,False,False,204
4,3,91.7,114.3,661.3,6.3,17.6,45,3.6,0.0,0.0,True,False,False,False,False,False,False,False,False,False,False,False,False,False,True,False,False,53
2,4,93.4,15.0,25.6,11.4,15.2,19,7.6,0.0,0.0,False,False,False,False,False,False,True,False,False,False,False,False,False,False,False,True,False,392
3,4,91.5,145.4,608.2,10.7,10.3,74,2.2,0.0,0.0,True,False,False,False,False,False,False,False,False,False,False,True,False,False,False,False,False,119
7,5,91.0,129.5,692.6,7.0,20.7,37,2.2,0.0,2.9014215940827497,False,False,False,False,False,False,False,False,False,False,True,False,False,False,False,True,False,206
4,5,92.9,133.3,699.6,9.2,19.4,19,1.3,0.0,3.487986511734546,False,False,False,False,False,False,False,False,False,False,True,False,False,False,False,False,True,217
2,4,91.6,181.3,613.0,7.6,20.9,50,2.2,0.0,2.833213344056216,True,False,False,False,False,False,False,False,False,False,False,False,False,True,False,False,False,384
8,8,91.7,191.4,635.9,7.8,26.2,36,4.5,0.0,5.229824370102736,True,False,False,False,False,False,False,False,False,False,False,False,False,False,False,False,True,419
5,6,94.3,85.1,692.3,15.9,25.9,24,4.0,0.0,0.0,False,False,False,False,False,False,False,False,False,False,True,False,False,False,False,False,True,44
1,4,94.4,146.0,614.7,11.3,25.6,42,4.0,0.0,0.0,True,False,False,False,False,False,False,False,False,False,False,False,True,False,False,False,False,514
2,4,92.0,203.2,664.5,8.1,24.9,42,5.4,0.0,1.235471471385307,True,False,False,False,False,False,False,False,False,False,False,False,False,True,False,False,False,417
4,5,91.1,132.3,812.1,12.5,15.9,38,5.4,0.0,1.0116009116784799,False,False,False,False,False,False,False,False,False,False,True,False,False,False,False,True,False,365
6,4,89.2,27.9,70.8,6.3,15.9,35,4.0,0.0,0.0,False,False,False,False,False,False,True,False,False,False,False,False,False,False,False,False,True,17
3,4,96.1,181.1,671.2,14.3,32.3,27,2.2,0.0,2.7523860149222616,True,False,False,False,False,False,False,False,False,False,False,False,False,False,False,True,False,496
2,5,91.6,108.4,764.0,6.2,19.3,44,2.2,0.0,1.5953389880545987,False,False,False,False,False,False,False,False,False,False,True,True,False,False,False,False,False,339
3,4,91.8,175.1,700.7,13.8,26.8,38,6.3,0.0,0.5653138090500605,True,False,False,False,False,False,False,False,False,False,False,False,False,True,False,False,False,244
5,4,90.1,39.7,86.6,6.2,13.2,40,5.4,0.0,0.6678293725756554,False,False,False,False,False,False,True,False,False,False,False,True,False,False,False,False,False,145
4,3,93.7,101.3,423.4,14.7,26.1,45,4.0,0.0,2.1234584270966104,False,False,False,False,True,False,False,False,False,False,False,False,False,True,False,False,False,476
6,5,92.9,133.3,699.6,9.2,26.4,21,4.5,0.0,0.0,False,False,False,False,False,False,False,False,False,False,True,False,False,False,False,False,True,13
3,4,91.6,181.3,613.0,7.6,24.6,44,4.0,0.0,1.4350845252893227,True,False,False,False,False,False,False,False,False,False,False,False,False,True,False,False,False,428
4,4,92.5,88.0,698.6,7.1,19.6,48,2.7,0.0,0.0,False,False,False,False,False,False,False,False,False,False,True,False,True,False,False,False,False,42
3,4,93.1,157.3,666.7,13.5,21.7,40,0.4,0.0,1.244154593958768,True,False,False,False,False,False,False,False,False,False,False,False,False,False,False,False,True,248
8,6,84.9,32.8,664.2,3.0,19.1,32,4.0,0.0,1.8625285401162623,False,False,False,False,False,False,False,False,False,True,False,True,False,False,False,False,False,180
7,5,92.5,88.0,698.6,7.1,22.8,40,4.0,0.0,0.0,False,False,False,False,False,False,False,False,False,False,True,False,True,False,False,False,False,8
4,6,84.7,26.7,352.6,4.1,2.2,59,4.9,0.0,2.329227023940467,False,True,False,False,False,False,False,False,False,False,False,False,False,False,False,False,False,279
8,6,91.5,145.4,608.2,10.7,8.0,86,2.2,0.0,0.0,True,False,False,False,False,False,False,False,False,False,False,True,False,False,False,False,False,6
6,3,92.5,122.0,789.7,10.2,15.9,55,3.6,0.0,0.0,False,False,False,False,False,False,False,False,False,False,True,False,False,False,False,False,False,356
6,5,92.2,102.3,751.5,8.4,21.2,32,2.2,0.0,0.0,False,False,False,False,False,False,False,False,False,False,True,False,True,False,False,False,False,326
3,5,93.5,139.4,594.2,20.3,17.6,52,5.8,0.0,0.0,True,False,False,False,False,False,False,False,False,False,False,False,True,False,False,False,False,134
9,5,93.3,49.5,297.7,14.0,28.0,34,4.5,0.0,2.214846178686039,False,False,False,False,False,True,False,False,False,False,False,False,False,False,False,False,True,399
6,5,92.5,121.1,674.4,8.6,25.1,27,4.0,0.0,6.995619625423205,False,False,False,False,False,False,False,False,False,False,True,False,True,False,False,False,False,237
2,5,90.8,84.7,376.6,5.6,23.8,51,1.8,0.0,0.0,False,False,False,False,True,False,False,False,False,False,False,False,True,False,False,False,False,434
2,2,92.1,152.6,658.2,14.3,23.7,24,3.1,0.0,0.0,True,False,False,False,False,False,False,False,False,False,False,False,False,False,False,True,False,266
4,6,87.2,23.9,64.7,4.1,14.0,39,3.1,0.0,0.0,False,False,False,False,False,False,True,False,False,False,False,True,False,False,False,False,False,130
2,4,92.2,91.6,503.6,9.6,20.7,70,2.2,0.0,0.5596157879354227,True,False,False,False,False,False,False,False,False,False,False,False,False,False,False,False,True,246
7,5,96.1,181.1,671.2,14.3,21.6,65,4.9,0.8,0.0,True,False,False,False,False,False,False,False,False,False,False,False,False,False,False,True,False,500
4,4,93.5,149.3,728.6,8.1,22.9,39,4.9,0.0,3.902982260775997,False,False,False,False,False,False,False,False,False,False,True,False,False,True,False,False,False,224
4,3,92.6,46.5,691.8,8.8,13.8,50,2.7,0.0,0.0,False,False,False,False,False,False,False,False,False,True,False,False,False,True,False,False,False,56
4,3,90.3,80.7,730.2,6.3,17.8,63,4.9,0.0,0.0,False,False,False,False,False,False,False,False,False,False,True,False,False,False,False,True,False,55
7,4,91.6,104.2,474.9,9.0,24.2,32,1.8,0.0,0.0,False,False,False,False,True,False,False,False,False,False,False,False,True,False,False,False,False,287
8,3,93.7,80.9,685.2,17.9,23.2,26,4.9,0.0,3.1949928844048685,False,False,False,False,False,False,False,False,False,False,True,False,False,False,True,False,False,208
7,5,92.8,73.2,713.0,22.6,19.3,38,4.0,0.0,0.0,False,False,False,False,False,False,False,False,False,False,True,False,True,False,False,False,False,10
1,2,91.0,166.9,752.6,7.1,18.5,73,8.5,0.0,0.0,True,False,False,False,False,False,False,False,False,False,False,False,False,False,False,False,False,505
3,5,93.5,149.3,728.6,8.1,17.2,43,3.1,0.0,0.0,False,False,False,False,False,False,False,False,False,False,True,False,False,False,False,False,False,126
2,4,82.1,3.7,9.3,2.9,5.3,78,3.1,0.0,0.0,False,False,False,True,False,False,False,False,False,False,False,False,True,False,False,False,False,103
6,5,92.4,117.9,668.0,12.2,19.6,33,6.3,0.0,3.007166651179654,False,False,False,False,False,False,False,False,False,False,True,False,False,False,False,False,False,207
2,2,94.8,108.3,647.1,17.0,17.4,43,6.7,0.0,0.7275486072772778,True,False,False,False,False,False,False,False,False,False,False,False,False,False,False,True,False,147
7,4,92.1,99.0,745.3,9.6,18.7,50,2.2,0.0,1.9416152247724325,False,False,False,False,False,False,False,False,False,False,True,False,False,False,False,False,False,353
2,4,81.6,56.7,665.6,1.9,21.9,71,5.8,0.0,4.012592060349841,True,False,False,False,False,False,False,False,False,False,False,False,False,True,False,False,False,512
6,5,92.5,122.0,789.7,10.2,18.4,42,2.2,0.0,0.7371640659767197,False,False,False,False,False,False,False,False,False,False,True,False,False,False,False,False,False,359
5,4,91.0,14.6,25.6,12.3,17.6,27,5.8,0.0,0.0,False,False,False,False,False,False,False,False,False,False,False,False,False,True,False,False,False,469
1,2,92.9,137.0,706.4,9.2,22.4,34,2.2,0.0,0.0,False,False,False,False,False,False,False,False,False,False,True,False,False,False,True,False,False,86
4,4,92.1,99.0,745.3,9.6,15.4,53,6.3,0.0,2.1174596088673567,False,False,False,False,False,False,False,False,False,False,True,False,False,False,False,False,False,350
4,4,95.1,141.3,605.8,17.7,28.7,33,4.0,0.0,0.0,True,False,False,False,False,False,False,False,False,False,False,False,False,False,False,False,True,489
6,5,91.2,94.3,744.4,8.4,16.8,47,4.9,0.0,2.613006652415316,False,False,False,False,False,False,False,False,False,False,True,False,True,False,False,False,False,367
2,5,93.7,231.1,715.1,8.4,23.6,53,4.0,0.0,2.005525858729668,True,False,False,False,False,False,False,False,False,False,False,False,True,False,False,False,False,437
6,5,91.2,48.3,97.8,12.5,14.6,26,9.4,0.0,1.2612978709452054,False,False,False,False,False,False,True,False,False,False,False,False,False,False,False,False,False,167
2,2,91.1,103.2,638.8,5.8,23.1,31,3.1,0.0,0.0,True,False,False,False,False,False,False,False,False,False,False,True,False,False,False,False,False,63
3,4,93.0,75.3,466.6,7.7,19.6,36,3.1,0.0,0.0,True,False,False,False,False,False,False,False,False,False,False,False,False,False,True,False,False,118
1,2,91.4,142.4,601.4,10.6,19.5,39,6.3,0.0,0.0,True,False,False,False,False,False,False,False,False,False,False,False,False,True,False,False,False,79
3,4,91.5,145.4,608.2,10.7,17.1,43,5.4,0.0,0.0,True,False,False,False,False,False,False,False,False,False,False,True,False,False,False,False,False,120
8,6,90.7,194.1,643.0,6.8,21.3,41,3.6,0.0,0.0,True,False,False,False,False,False,False,False,False,False,False,False,False,False,True,False,False,402
7,4,92.1,99.0,745.3,9.6,20.6,43,3.6,0.0,1.1085626195212777,False,False,False,False,False,False,False,False,False,False,True,False,False,False,False,False,False,351
9,9,93.2,114.4,560.0,9.5,30.2,25,4.5,0.0,1.3217558399823195,False,False,False,False,True,False,False,False,False,False,False,False,False,False,True,False,False,479
8,6,92.3,88.9,495.6,8.5,24.1,27,3.1,0.0,0.0,True,False,False,False,False,False,False,False,False,False,False,True,False,False,False,False,False,5
7,4,91.9,109.2,565.5,8.0,21.4,38,2.7,0.0,0.9242589015233319,True,False,False,False,False,False,False,False,False,False,False,False,False,False,True,False,False,252
8,6,94.9,130.3,587.1,14.1,31.0,27,5.4,0.0,0.0,True,False,False,False,False,False,False,False,False,False,False,False,False,True,False,False,False,482
1,5,93.5,149.3,728.6,8.1,27.8,27,3.1,0.0,4.566221435849517,False,False,False,False,False,False,False,False,False,False,True,False,False,True,False,False,False,230
6,5,90.4,93.3,298.1,7.5,19.1,39,5.4,0.0,1.5085119938441398,False,False,False,False,False,True,False,False,False,False,False,True,False,False,False,False,False,300
5,4,94.3,85.1,692.3,15.9,20.1,47,4.9,0.0,0.9001613499442714,False,False,False,False,False,False,False,False,False,False,True,False,False,False,False,False,False,152
3,4,91.4,142.4,601.4,10.6,11.6,87,4.5,0.0,0.0,True,False,False,False,False,False,False,False,False,False,False,False,False,True,False,False,False,97
8,6,93.7,231.1,715.1,8.4,26.9,31,3.6,0.0,1.7850704810772584,True,False,False,False,False,False,False,False,False,False,False,False,True,False,False,False,False,423
3,5,91.4,37.9,673.8,5.2,15.9,46,3.6,0.0,0.0,False,False,False,False,False,False,False,False,False,True,False,False,False,False,False,False,True,127
2,2,92.1,152.6,658.2,14.3,21.8,56,3.1,0.0,0.41871033485818504,True,False,False,False,False,False,False,False,False,False,False,False,False,False,False,True,False,269
6,3,94.3,85.1,692.3,15.9,25.4,24,3.6,0.0,0.0,False,False,False,False,False,False,False,False,False,False,True,False,False,False,False,False,False,29
2,5,94.9,130.3,587.1,14.1,33.1,25,4.0,0.0,3.311637304949512,True,False,False,False,False,False,False,False,False,False,False,False,False,True,False,False,False,483
7,4,91.5,238.2,730.6,7.5,17.7,65,4.0,0.0,0.0,True,False,False,False,False,False,False,False,False,False,False,True,False,False,False,False,False,451
7,5,81.9,3.0,7.9,3.5,13.4,75,1.8,0.0,0.0,False,False,False,False,False,False,False,False,False,False,False,False,False,True,False,False,False,238
8,6,88.8,147.3,614.5,9.0,14.4,66,5.4,0.0,1.8293763327993617,True,False,False,False,False,False,False,False,False,False,False,False,False,False,False,True,False,178
4,3,90.2,99.6,631.2,6.3,21.5,34,2.2,0.0,0.0,True,False,False,False,False,False,False,False,False,False,False,False,False,True,False,False,False,50
4,4,95.1,141.3,605.8,17.7,20.6,58,1.3,0.0,0.0,True,False,False,False,False,False,False,False,False,False,False,False,False,False,False,False,True,488
5,4,92.1,99.0,745.3,9.6,10.1,75,3.6,0.0,1.5496879080283263,False,False,False,False,False,False,False,False,False,False,True,False,False,False,False,False,False,349
4,3,92.5,122.0,789.7,10.2,17.3,45,4.0,0.0,1.597365331199831,False,False,False,False,False,False,False,False,False,False,True,False,False,False,False,False,False,360
7,4,89.7,284.9,844.0,10.1,10.5,77,4.0,0.0,0.0,False,False,False,False,False,False,False,False,False,False,True,False,False,False,False,False,True,447
5,4,92.1,99.0,745.3,9.6,12.8,64,3.6,0.0,0.9707789171582248,False,False,False,False,False,False,False,False,False,False,True,False,False,False,False,False,False,348
3,4,91.4,142.4,601.4,10.6,19.8,39,5.4,0.0,0.0,True,False,False,False,False,False,False,False,False,False,False,False,False,True,False,False,False,99
6,5,92.0,203.2,664.5,8.1,19.1,70,2.2,0.0,0.0,True,False,False,False,False,False,False,False,False,False,False,False,False,True,False,False,False,445
3,4,91.4,142.4,601.4,10.6,19.8,39,5.4,0.0,0.0,True,False,False,False,False,False,False,False,False,False,False,False,False,True,False,False,False,98
2,2,91.6,248.4,753.8,6.3,20.4,56,2.2,0.0,0.0,True,False,False,False,False,False,False,False,False,False,False,False,False,False,True,False,False,424
2,4,50.4,46.2,706.6,0.4,12.2,78,6.3,0.0,0.0,False,False,False,False,False,False,False,False,False,False,True,False,False,True,False,False,False,311
6,5,85.4,25.4,349.7,2.6,5.1,24,8.5,0.0,3.2492110246642736,False,True,False,False,False,False,False,False,False,False,False,False,False,False,False,True,False,280
4,4,79.5,60.6,366.7,1.5,23.3,37,3.1,0.0,0.0,False,False,False,False,True,False,False,False,False,False,False,False,False,False,False,True,False,39
7,4,84.6,3.2,43.6,3.3,8.2,53,9.4,0.0,1.7263316639055997,False,False,True,False,False,False,False,False,False,False,False,False,False,False,False,False,False,410
1,5,91.0,129.5,692.6,7.0,21.6,33,2.2,0.0,2.528125768907977,False,False,False,False,False,False,False,False,False,False,True,False,False,False,False,True,False,199
7,4,90.2,110.9,537.4,6.2,19.5,43,5.8,0.0,0.0,True,False,False,False,False,False,False,False,False,False,False,False,True,False,False,False,False,22
7,5,92.5,88.0,698.6,7.1,17.8,51,7.2,0.0,0.0,False,False,False,False,False,False,False,False,False,False,True,False,True,False,False,False,False,9
3,4,83.9,8.0,30.2,2.6,12.7,48,1.8,0.0,0.0,False,False,True,False,False,False,False,False,False,False,False,False,True,False,False,False,False,95
8,6,91.4,142.4,601.4,10.6,19.6,41,5.8,0.0,5.285637313390662,True,False,False,False,False,False,False,False,False,False,False,False,False,True,False,False,False,234
1,2,91.7,114.3,661.3,6.3,20.2,45,3.6,0.0,0.0,True,False,False,False,False,False,False,False,False,False,False,False,False,False,True,False,False,83
2,4,93.6,235.1,723.1,10.1,20.9,66,4.9,0.0,2.7936160894318567,True,False,False,False,False,False,False,False,False,False,False,False,False,True,False,False,False,432
2,2,92.5,121.1,674.4,8.6,18.2,46,1.8,0.0,5.307970623576175,False,False,False,False,False,False,False,False,False,False,True,False,True,False,False,False,False,235
5,4,91.0,166.9,752.6,7.1,21.1,71,7.6,1.4,1.1537315878891892,True,False,False,False,False,False,False,False,False,False,False,False,False,False,False,False,False,508
1,3,94.8,222.4,698.6,13.9,26.2,34,5.8,0.0,0.0,True,False,False,False,False,False,False,False,False,False,False,False,False,False,True,False,False,427
6,3,93.4,145.4,721.4,8.1,30.2,24,2.7,0.0,0.0,False,False,False,False,False,False,False,False,False,False,True,False,True,False,False,False,False,27
2,2,92.4,117.9,668.0,12.2,23.0,37,4.5,0.0,0.0,False,False,False,False,False,False,False,False,False,False,True,False,False,False,False,False,False,65
1,2,94.8,108.3,647.1,17.0,18.6,51,4.5,0.0,0.0,True,False,False,False,False,False,False,False,False,False,False,False,False,False,False,True,False,81
7,3,90.6,43.7,686.9,6.7,17.8,27,4.0,0.0,0.0,False,False,False,False,False,False,False,False,False,True,False,False,True,False,False,False,False,37
3,4,91.8,170.9,692.3,13.7,20.6,59,0.9,0.0,0.0,True,False,False,False,False,False,False,False,False,False,False,False,True,False,False,False,False,257
8,6,93.9,135.7,586.7,15.1,20.8,34,4.9,0.0,2.0744289998562917,True,False,False,False,False,False,False,False,False,False,False,False,False,False,False,False,False,183
4,4,90.6,43.7,686.9,6.7,18.4,25,3.1,0.0,3.2280337626529665,False,False,False,False,False,False,False,False,False,True,False,False,True,False,False,False,False,209
8,6,92.3,88.8,440.9,8.5,17.1,67,3.6,0.0,2.0241930674493576,False,False,False,False,True,False,False,False,False,False,False,False,False,False,False,True,False,293
3,4,94.9,130.3,587.1,14.1,23.4,40,5.8,0.0,0.8285518175661483,True,False,False,False,False,False,False,False,False,False,False,False,False,True,False,False,False,481
6,5,91.7,35.8,80.8,7.8,17.4,25,4.9,0.0,0.0,False,False,False,False,False,False,True,False,False,False,False,False,True,False,False,False,False,88
6,5,93.4,17.3,28.3,9.9,13.8,24,5.8,0.0,0.0,False,False,False,False,False,False,True,False,False,False,False,False,False,False,False,False,True,416
1,4,91.5,130.1,807.1,7.5,21.3,35,2.2,0.0,3.3738261848660236,False,False,False,False,False,False,False,False,False,False,True,True,False,False,False,False,False,345
8,6,85.6,90.4,609.6,6.6,17.4,50,4.0,0.0,1.3056264580524357,True,False,False,False,False,False,False,False,False,False,False,False,False,False,False,False,True,170
2,2,86.6,13.2,43.0,5.3,12.3,51,0.9,0.0,0.0,False,False,True,False,False,False,False,False,False,False,False,False,False,False,False,False,False,58
6,6,96.2,175.5,661.8,16.8,23.9,42,2.2,0.0,0.0,True,False,False,False,False,False,False,False,False,False,False,True,False,False,False,False,False,494
9,9,86.6,13.2,43.0,5.3,15.7,43,3.1,0.0,0.0,False,False,True,False,False,False,False,False,False,False,False,False,False,False,False,False,False,75
3,5,88.1,25.7,67.6,3.8,14.9,38,2.7,0.0,0.0,False,False,False,False,False,False,True,False,False,False,False,False,False,False,False,True,False,133
8,6,90.1,108.0,529.8,12.5,21.2,51,8.9,0.0,0.4762341789963716,True,False,False,False,False,False,False,False,False,False,False,False,False,False,False,False,False,141
2,2,91.5,130.1,807.1,7.5,16.8,43,3.1,0.0,1.9213246735826988,False,False,False,False,False,False,False,False,False,False,True,True,False,False,False,False,False,344
2,2,90.2,99.6,631.2,6.3,20.8,33,2.7,0.0,0.0,True,False,False,False,False,False,False,False,False,False,False,False,False,True,False,False,False,62
5,4,91.8,175.1,700.7,13.8,25.7,39,5.4,0.0,0.08617769624105233,True,False,False,False,False,False,False,False,False,False,False,False,False,True,False,False,False,245
8,6,89.4,253.6,768.4,9.7,14.2,73,2.7,0.0,0.0,True,False,False,False,False,False,False,False,False,False,False,False,True,False,False,False,False,436
5,4,95.1,141.3,605.8,17.7,26.4,34,3.6,0.0,2.856470206220483,True,False,False,False,False,False,False,False,False,False,False,False,False,False,False,True,False,486
1,4,92.2,102.3,751.5,8.4,24.2,27,3.1,0.0,0.0,False,False,False,False,False,False,False,False,False,False,True,False,True,False,False,False,False,324
6,3,91.8,78.5,724.3,9.2,21.2,32,2.7,0.0,0.0,False,False,False,False,False,False,False,False,False,False,True,True,False,False,False,False,False,33
8,5,84.9,32.8,664.2,3.0,16.7,47,4.9,0.0,0.0,False,False,False,False,False,False,False,False,False,True,False,True,False,False,False,False,False,16
4,5,91.0,276.3,825.1,7.1,13.8,77,7.6,0.0,0.0,False,False,False,False,False,False,False,False,False,False,True,False,False,True,False,False,False,368
7,4,94.8,227.0,706.7,12.0,23.3,34,3.1,0.0,0.0,True,False,False,False,False,False,False,False,False,False,False,False,False,False,False,False,False,388
1,3,95.9,158.0,633.6,11.3,32.4,27,2.2,0.0,0.0,True,False,False,False,False,False,False,False,False,False,False,False,False,False,False,False,False,491
3,4,84.4,73.4,671.9,3.2,17.9,45,3.1,0.0,0.0,False,False,False,False,False,False,False,False,False,False,True,False,False,False,False,True,False,122
1,4,91.7,191.4,635.9,7.8,19.9,50,4.0,0.0,4.427836170705175,True,False,False,False,False,False,False,False,False,False,False,False,False,False,False,False,True,456
2,4,87.9,84.8,725.1,3.7,21.8,34,2.2,0.0,1.951608170169951,False,False,False,False,False,False,False,False,False,False,True,False,False,False,False,False,True,403
6,4,75.1,4.4,16.2,1.9,5.1,77,5.4,0.0,1.144222799920162,False,False,True,False,False,False,False,False,False,False,False,False,False,False,False,True,False,463
2,4,91.8,175.1,700.7,13.8,22.4,54,7.6,0.0,1.3532545070416904,True,False,False,False,False,False,False,False,False,False,False,False,False,True,False,False,False,243
3,4,90.1,39.7,86.6,6.2,10.6,30,4.0,0.0,0.0,False,False,False,False,False,False,True,False,False,False,False,True,False,False,False,False,False,117
4,5,92.9,133.3,699.6,9.2,24.3,25,4.0,0.0,2.3427668826268775,False,False,False,False,False,False,False,False,False,False,True,False,False,False,False,False,True,192
1,3,87.6,52.2,103.8,5.0,8.3,72,3.1,0.0,0.0,False,False,False,False,False,False,True,False,False,False,False,True,False,False,False,False,False,76
5,4,88.8,147.3,614.5,9.0,17.3,43,4.5,0.0,0.0,True,False,False,False,False,False,False,False,False,False,False,False,False,False,False,True,False,72
7,4,92.4,105.8,758.1,9.9,25.3,27,2.7,0.0,0.0,False,False,False,False,False,False,False,False,False,False,True,False,False,True,False,False,False,309
9,6,91.6,248.4,753.8,6.3,20.5,58,2.7,0.0,3.7812307151781224,True,False,False,False,False,False,False,False,False,False,False,False,False,False,True,False,False,382
1,3,91.1,91.3,738.1,7.2,19.1,46,2.2,0.0,0.2851789422336624,False,False,False,False,False,False,False,False,False,False,True,False,False,False,False,False,False,438
7,4,92.1,99.0,745.3,9.6,19.8,47,2.7,0.0,1.000631880307906,False,False,False,False,False,False,False,False,False,False,True,False,False,False,False,False,False,352
4,4,90.2,96.9,624.2,8.9,18.4,42,6.7,0.0,0.0,True,False,False,False,False,False,False,False,False,False,False,False,True,False,False,False,False,40
1,4,90.2,96.9,624.2,8.9,14.2,53,1.8,0.0,1.5040773967762742,True,False,False,False,False,False,False,False,False,False,False,False,True,False,False,False,False,173
1,2,91.0,121.2,561.6,7.0,21.6,19,6.7,0.0,0.0,True,False,False,False,False,False,False,False,False,False,False,False,False,False,False,True,False,78
8,6,91.7,35.8,80.8,7.8,17.4,24,5.4,0.0,0.0,False,False,False,False,False,False,True,False,False,False,False,False,False,False,False,False,False,90
9,9,90.1,68.6,355.2,7.2,24.8,29,2.2,0.0,0.8586616190375187,False,False,False,False,True,False,False,False,False,False,False,False,False,True,False,False,False,150
1,2,91.0,166.9,752.6,7.1,25.9,41,3.6,0.0,0.0,True,False,False,False,False,False,False,False,False,False,False,False,False,False,False,False,False,507
7,4,92.4,117.9,668.0,12.2,19.0,34,5.8,0.0,0.9895411936137477,False,False,False,False,False,False,False,False,False,False,True,False,False,False,False,False,False,158
2,5,93.7,231.1,715.1,8.4,18.9,64,4.9,0.0,0.0,True,False,False,False,False,False,False,False,False,False,False,False,True,False,False,False,False,459
4,3,92.2,102.3,751.5,8.4,23.5,27,4.0,0.0,1.4655675420143985,False,False,False,False,False,False,False,False,False,False,True,False,True,False,False,False,False,328
3,4,90.2,18.5,41.1,7.3,11.2,41,5.4,0.0,1.8794650496471605,False,False,False,False,False,False,True,False,False,False,False,False,False,False,False,False,True,466
6,3,90.6,50.1,100.4,7.8,15.2,31,8.5,0.0,1.0784095813505903,False,False,False,False,False,False,True,False,False,False,False,False,True,False,False,False,False,161
2,5,90.1,82.9,735.7,6.2,18.3,45,2.2,0.0,1.7715567619105355,False,False,False,False,False,False,False,False,False,False,True,False,False,False,False,False,True,177
4,6,84.6,26.4,352.0,2.0,5.1,61,4.9,0.0,1.8531680973566984,False,True,False,False,False,False,False,False,False,False,False,False,False,False,True,False,False,274
2,4,93.4,145.4,721.4,8.1,28.6,27,2.2,0.0,0.959350221334602,False,False,False,False,False,False,False,False,False,False,True,False,True,False,False,False,False,155
7,4,91.6,104.2,474.9,9.0,24.3,30,1.8,0.0,0.0,False,False,False,False,True,False,False,False,False,False,False,False,True,False,False,False,False,288
7,4,93.5,139.4,594.2,20.3,5.1,96,5.8,0.0,3.295836866004329,True,False,False,False,False,False,False,False,False,False,False,False,True,False,False,False,False,210
4,3,91.6,108.4,764.0,6.2,9.8,86,1.8,0.0,0.0,False,False,False,False,False,False,False,False,False,False,True,True,False,False,False,False,False,334
6,5,81.5,9.1,55.2,2.7,5.8,54,5.8,0.0,1.724550719534605,False,False,False,False,False,False,False,False,False,False,False,False,False,False,True,False,False,175
6,3,91.5,130.1,807.1,7.5,20.6,37,1.8,0.0,0.0,False,False,False,False,False,False,False,False,False,False,True,True,False,False,False,False,False,341
1,3,92.1,178.0,605.3,9.6,23.3,40,4.0,0.0,1.9960599327407849,True,False,False,False,False,False,False,False,False,False,False,False,True,False,False,False,False,430
8,6,91.1,103.2,638.8,5.8,23.4,22,2.7,0.0,0.0,True,False,False,False,False,False,False,False,False,False,False,True,False,False,False,False,False,93
6,5,92.1,111.2,654.1,9.6,16.6,47,0.9,0.0,1.1908875647772805,True,False,False,False,False,False,False,False,False,False,False,False,False,False,False,False,True,165
2,5,93.7,121.7,350.2,18.0,22.7,40,9.4,0.0,1.4327007339340463,False,False,False,False,False,True,False,False,False,False,False,False,False,False,True,False,False,474
6,3,88.6,69.7,706.8,5.8,20.6,37,1.8,0.0,0.0,False,False,False,False,False,False,False,False,False,False,True,False,False,False,False,False,False,31
2,5,91.0,129.5,692.6,7.0,17.6,46,3.1,0.0,2.0844290831908747,False,False,False,False,False,False,False,False,False,False,True,False,False,False,False,True,False,184
1,2,90.7,80.9,368.3,16.8,14.8,78,8.0,0.0,0.0,False,False,False,False,True,False,False,False,False,False,False,False,False,False,False,False,False,442
5,4,92.9,133.3,699.6,9.2,21.9,35,1.8,0.0,1.2725655957915476,False,False,False,False,False,False,False,False,False,False,True,False,False,False,False,False,True,169
2,2,89.3,51.3,102.2,9.6,11.5,39,5.8,0.0,0.0,False,False,False,False,False,False,True,False,False,False,False,False,False,True,False,False,False,59
6,3,90.6,35.4,669.1,6.7,21.7,24,4.5,0.0,0.0,False,False,False,False,False,False,False,False,False,True,False,False,False,False,False,True,False,35
4,3,90.5,96.7,750.5,11.4,20.4,55,4.9,0.0,1.534714366238164,False,False,False,False,False,False,False,False,False,False,True,False,False,True,False,False,False,395
5,4,85.2,4.9,15.8,6.3,7.5,46,8.0,0.0,3.228430037673012,False,False,True,False,False,False,False,False,False,False,False,False,False,False,False,False,False,283
4,5,91.4,30.7,74.3,7.5,18.2,29,3.1,0.0,0.0,False,False,False,False,False,False,True,False,False,False,False,False,False,False,True,False,False,105
4,4,85.4,25.4,349.7,2.6,4.6,21,8.5,0.0,3.136797713832594,False,True,False,False,False,False,False,False,False,False,False,True,False,False,False,False,False,277
1,3,95.9,158.0,633.6,11.3,27.5,29,4.5,0.0,3.7914360424390283,True,False,False,False,False,False,False,False,False,False,False,False,False,False,False,False,False,492
1,2,92.9,137.0,706.4,9.2,21.5,15,0.9,0.0,0.0,False,False,False,False,False,False,False,False,False,False,True,False,False,False,True,False,False,84
5,4,92.2,102.3,751.5,8.4,24.1,27,3.1,0.0,0.0,False,False,False,False,False,False,False,False,False,False,True,False,True,False,False,False,False,325
5,5,91.7,35.8,80.8,7.8,15.1,27,5.4,0.0,0.0,False,False,False,False,False,False,True,False,False,False,False,False,True,False,False,False,False,15
6,5,84.9,18.2,55.0,3.0,5.3,70,4.5,0.0,1.144222799920162,False,False,False,False,False,False,True,False,False,False,False,False,False,False,True,False,False,164
5,4,92.8,119.0,783.5,7.5,21.6,28,6.3,0.0,1.6882490928583902,False,False,False,False,False,False,False,False,False,False,True,False,False,False,True,False,False,318
7,4,89.7,287.2,849.3,6.8,19.4,45,3.6,0.0,0.0,False,False,False,False,False,False,False,False,False,False,True,False,False,False,True,False,False,429
7,4,91.6,108.4,764.0,6.2,19.3,44,2.2,0.0,0.0,False,False,False,False,False,False,False,False,False,False,True,True,False,False,False,False,False,335
6,3,91.7,75.6,718.3,7.8,17.7,39,3.6,0.0,0.0,False,False,False,False,False,False,False,False,False,False,True,False,False,True,False,False,False,32
6,4,91.0,129.5,692.6,7.0,18.3,40,2.7,0.0,0.0,False,False,False,False,False,False,False,False,False,False,True,False,False,False,False,True,False,19
4,5,91.2,48.3,97.8,12.5,15.8,27,7.6,0.0,0.0,False,False,False,False,False,False,True,False,False,False,False,False,False,False,False,False,False,69
8,6,89.3,51.3,102.2,9.6,11.5,39,5.8,0.0,2.1029138978649784,False,False,False,False,False,False,True,False,False,False,False,False,False,True,False,False,False,185
8,6,93.7,80.9,685.2,17.9,23.7,25,4.5,0.0,0.7514160886839212,False,False,False,False,False,False,False,False,False,False,True,False,False,False,True,False,False,148
6,3,91.5,130.1,807.1,7.5,12.2,66,4.9,0.0,1.9600947840472698,False,False,False,False,False,False,False,False,False,False,True,True,False,False,False,False,False,343
8,6,88.9,263.1,795.9,5.2,29.3,27,3.6,0.0,1.9878743481543455,False,False,False,False,True,False,False,False,False,False,False,False,False,True,False,False,False,421
8,6,92.3,85.3,488.0,14.7,22.2,29,5.4,0.0,0.0,True,False,False,False,False,False,False,False,False,False,False,False,False,True,False,False,False,4
2,4,92.4,105.8,758.1,9.9,16.0,45,1.8,0.0,0.0,False,False,False,False,False,False,False,False,False,False,True,False,False,True,False,False,False,307
6,3,88.6,91.8,709.9,7.1,11.2,78,7.6,0.0,0.0,False,False,False,False,False,False,False,False,False,False,True,True,False,False,False,False,False,30
4,4,95.8,152.0,624.1,13.8,32.4,21,4.5,0.0,0.0,True,False,False,False,False,False,False,False,False,False,False,False,False,False,True,False,False,490
6,4,94.8,227.0,706.7,12.0,23.3,34,3.1,0.0,3.392492941032009,True,False,False,False,False,False,False,False,False,False,False,False,False,False,False,False,False,387
6,5,91.3,20.6,43.5,8.5,13.3,27,3.6,0.0,2.0294631718735947,False,False,False,False,False,False,True,False,False,False,False,False,False,False,True,False,False,467
6,3,79.5,3.0,106.7,1.1,11.8,31,4.5,0.0,0.0,False,False,False,False,False,False,False,False,True,False,False,False,False,False,False,True,False,515
4,4,92.9,133.3,699.6,9.2,26.4,21,4.5,0.0,4.494126887194767,False,False,False,False,False,False,False,False,False,False,True,False,False,False,False,False,True,229
9,4,90.5,61.1,252.6,9.4,24.5,50,3.1,0.0,4.267176792994939,False,False,False,False,False,True,False,False,False,False,False,False,True,False,False,False,False,472
7,4,90.9,126.5,686.5,7.0,19.4,48,1.3,0.0,0.0,False,False,False,False,False,False,False,False,False,False,True,True,False,False,False,False,False,26
4,6,93.7,80.9,685.2,17.9,17.6,42,3.1,0.0,0.0,False,False,False,False,False,False,False,False,False,False,True,False,False,False,True,False,False,132
7,5,93.7,231.1,715.1,8.4,26.4,33,3.6,0.0,0.0,True,False,False,False,False,False,False,False,False,False,False,False,True,False,False,False,False,412
2,5,90.9,126.5,686.5,7.0,21.9,39,1.8,0.0,0.3852624007906449,False,False,False,False,False,False,False,False,False,False,True,True,False,False,False,False,False,139
6,3,88.0,17.2,43.5,3.8,15.2,51,2.7,0.0,0.0,False,False,False,False,False,False,False,False,False,False,False,False,False,False,False,False,True,239
2,3,91.6,108.4,764.0,6.2,18.0,51,5.4,0.0,0.0,False,False,False,False,False,False,False,False,False,False,True,True,False,False,False,False,False,333
1,4,92.8,119.0,783.5,7.5,16.8,28,4.0,0.0,2.105352923464337,False,False,False,False,False,False,False,False,False,False,True,False,False,False,True,False,False,320
2,5,92.6,46.5,691.8,8.8,15.4,35,0.9,0.0,0.0,False,False,False,False,False,False,False,False,False,True,False,False,False,True,False,False,False,128
3,4,88.1,25.7,67.6,3.8,15.8,27,7.6,0.0,0.0,False,False,False,False,False,False,True,False,False,False,False,False,False,False,False,True,False,113
3,4,93.4,17.3,28.3,9.9,8.9,35,8.0,0.0,0.0,False,False,False,False,False,False,True,False,False,False,False,False,False,False,False,False,True,446
1,2,93.7,231.1,715.1,8.4,25.9,32,3.1,0.0,0.0,True,False,False,False,False,False,False,False,False,False,False,False,True,False,False,False,False,397
4,4,83.0,23.3,85.3,2.3,16.7,20,3.1,0.0,0.0,False,False,False,False,False,False,False,False,False,False,False,False,False,False,False,False,False,240
7,4,91.8,175.1,700.7,13.8,21.9,73,7.6,1.0,0.0,True,False,False,False,False,False,False,False,False,False,False,False,False,True,False,False,False,242
4,3,81.6,56.7,665.6,1.9,27.8,32,2.7,0.0,2.0068708488450007,True,False,False,False,False,False,False,False,False,False,False,False,False,True,False,False,False,511
8,6,91.1,91.3,738.1,7.2,20.7,46,2.7,0.0,3.4397768636296306,False,False,False,False,False,False,False,False,False,False,True,False,False,False,False,False,False,390
8,6,92.1,207.0,672.6,8.2,21.1,54,2.2,0.0,0.0,True,False,False,False,False,False,False,False,False,False,False,True,False,False,False,False,False,375
7,4,90.6,35.4,669.1,6.7,18.0,33,0.9,0.0,0.0,False,False,False,False,False,False,False,False,False,True,False,False,False,False,False,True,False,0
4,4,87.6,52.2,103.8,5.0,11.0,46,5.8,0.0,0.0,False,False,False,False,False,False,True,False,False,False,False,True,False,False,False,False,False,48
6,5,84.1,4.6,46.7,2.2,5.3,68,1.8,0.0,0.0,False,False,True,False,False,False,False,False,False,False,False,True,False,False,False,False,False,393
4,4,87.2,23.9,64.7,4.1,11.8,35,1.8,0.0,0.0,False,False,False,False,False,False,True,False,False,False,False,True,False,False,False,False,False,47
4,4,96.1,181.1,671.2,14.3,20.7,69,4.9,0.4,0.0,True,False,False,False,False,False,False,False,False,False,False,False,False,False,False,True,False,501
8,6,91.0,129.5,692.6,7.0,13.1,63,5.4,0.0,0.0,False,False,False,False,False,False,False,False,False,False,True,False,False,False,False,True,False,7
9,4,84.4,73.4,671.9,3.2,24.3,36,3.1,0.0,4.669646205172456,False,False,False,False,False,False,False,False,False,False,True,False,False,False,False,True,False,232
1,2,91.0,163.2,744.4,10.1,26.7,35,1.8,0.0,1.916922612182061,True,False,False,False,False,False,False,False,False,False,False,False,False,False,True,False,False,504
7,5,91.7,48.5,696.1,11.1,16.1,44,4.0,0.0,3.9193957597575593,False,False,False,False,False,False,False,False,False,True,False,True,False,False,False,False,False,225
6,4,86.3,27.4,97.1,5.1,9.3,44,4.5,0.0,0.0,False,False,False,False,False,False,False,False,False,False,False,False,True,False,False,False,False,18
4,4,85.4,25.4,349.7,2.6,4.6,21,8.5,0.0,2.93651291389402,False,True,False,False,False,False,False,False,False,False,False,True,False,False,False,False,False,275
6,5,90.3,290.0,855.3,7.4,10.3,78,4.0,0.0,2.9601050959108397,False,False,False,False,False,False,False,False,False,False,True,False,False,False,False,False,False,373
6,5,90.9,126.5,686.5,7.0,21.3,42,2.2,0.0,0.0,False,False,False,False,False,False,False,False,False,False,True,True,False,False,False,False,False,12
1,4,92.5,122.0,789.7,10.2,21.1,39,2.2,0.0,2.21046980408624,False,False,False,False,False,False,False,False,False,False,True,False,False,False,False,False,False,358
3,4,89.6,84.1,714.3,5.7,23.8,35,3.6,0.0,1.8213182714695995,False,False,False,False,False,False,False,False,False,False,True,False,False,True,False,False,False,306
3,6,90.9,126.5,686.5,7.0,15.6,66,3.1,0.0,0.0,False,False,False,False,False,False,False,False,False,False,True,True,False,False,False,False,False,136
1,4,91.0,276.3,825.1,7.1,14.5,76,7.6,0.0,1.5496879080283263,False,False,False,False,False,False,False,False,False,False,True,False,False,True,False,False,False,461
4,4,91.2,124.4,795.3,8.5,17.1,41,2.2,0.0,2.503073953743449,False,False,False,False,False,False,False,False,False,False,True,False,True,False,False,False,False,331
6,3,84.1,7.3,52.8,2.7,14.7,42,2.7,0.0,0.0,False,False,True,False,False,False,False,False,False,False,False,False,False,False,False,False,False,409
4,4,85.9,19.5,57.3,2.8,13.7,43,5.8,0.0,0.0,False,False,False,False,False,False,True,False,False,False,False,False,False,False,False,False,False,109
6,3,92.7,164.1,575.8,8.9,26.3,39,3.1,0.0,2.081938421878423,False,False,False,False,True,False,False,False,False,False,False,False,False,False,False,True,False,415
6,3,91.1,141.1,629.1,7.1,19.3,39,3.6,0.0,0.9400072584914712,True,False,False,False,False,False,False,False,False,False,False,False,False,False,False,False,False,262
6,5,91.2,48.3,97.8,12.5,11.7,33,4.0,0.0,2.231089091288976,False,False,False,False,False,False,True,False,False,False,False,False,False,False,False,False,False,189
4,4,92.4,124.1,680.7,8.5,16.9,60,1.3,0.0,3.4170707308184456,False,False,False,False,False,False,False,False,False,False,True,False,False,True,False,False,False,215
8,5,89.7,90.0,704.4,4.8,17.8,67,2.2,0.0,1.1019400787607843,False,False,False,False,False,False,False,False,False,False,True,False,False,True,False,False,False,163
4,6,89.3,51.3,102.2,9.6,10.6,46,4.9,0.0,0.0,False,False,False,False,False,False,True,False,False,False,False,False,False,True,False,False,False,131
7,4,90.0,41.5,682.6,8.7,11.3,60,5.4,0.0,0.0,False,False,False,False,False,False,False,False,False,True,False,False,False,False,False,False,False,36
2,5,90.3,290.0,855.3,7.4,16.2,58,3.6,0.0,2.3942522815198695,False,False,False,False,False,False,False,False,False,False,True,False,False,False,False,False,False,443
6,5,92.2,102.3,751.5,8.4,19.7,35,1.8,0.0,0.0,False,False,False,False,False,False,False,False,False,False,True,False,True,False,False,False,False,327
7,4,83.9,8.7,32.1,2.1,8.8,68,2.2,0.0,2.642622395779755,False,False,True,False,False,False,False,False,False,False,False,False,False,True,False,False,False,201
3,4,92.4,124.1,680.7,8.5,22.5,42,5.4,0.0,0.0,False,False,False,False,False,False,False,False,False,False,True,False,False,True,False,False,False,121
8,6,90.4,89.5,290.8,6.4,15.4,45,2.2,0.0,0.0,False,False,False,False,False,True,False,False,False,False,False,False,False,True,False,False,False,296
1,3,92.4,124.1,680.7,8.5,23.9,32,6.7,0.0,1.8453002361560848,False,False,False,False,False,False,False,False,False,False,True,False,False,True,False,False,False,179
4,3,92.1,111.2,654.1,9.6,20.4,42,4.9,0.0,0.0,True,False,False,False,False,False,False,False,False,False,False,False,False,False,False,False,True,51
2,4,94.8,108.3,647.1,17.0,20.1,40,4.0,0.0,0.0,True,False,False,False,False,False,False,False,False,False,False,False,False,False,False,True,False,101
1,2,90.2,99.6,631.2,6.3,17.9,44,2.2,0.0,0.0,True,False,False,False,False,False,False,False,False,False,False,False,False,True,False,False,False,80
6,3,84.9,27.5,353.5,3.4,4.2,51,4.0,0.0,0.0,False,False,True,False,False,False,False,False,False,False,False,False,False,True,False,False,False,281
5,4,93.6,235.1,723.1,10.1,24.1,50,4.0,0.0,0.0,True,False,False,False,False,False,False,False,False,False,False,False,False,True,False,False,False,413
6,5,91.9,111.7,770.3,6.5,21.1,35,2.7,0.0,1.8946168546677629,False,False,False,False,False,False,False,False,False,False,True,False,False,False,False,True,False,363
4,4,89.7,90.0,704.4,4.8,17.8,64,1.3,0.0,0.0,False,False,False,False,False,False,False,False,False,False,True,False,False,True,False,False,False,94
2,4,92.1,111.2,654.1,9.6,20.5,35,4.0,0.0,0.9707789171582248,True,False,False,False,False,False,False,False,False,False,False,False,False,False,False,False,True,157
8,6,81.6,56.7,665.6,1.9,27.8,35,2.7,0.0,0.0,True,False,False,False,False,False,False,False,False,False,False,False,False,True,False,False,False,510
6,5,90.2,96.9,624.2,8.9,14.7,59,5.8,0.0,0.0,True,False,False,False,False,False,False,False,False,False,False,False,True,False,False,False,False,89
3,4,91.8,78.5,724.3,9.2,18.9,35,2.7,0.0,0.0,False,False,False,False,False,False,False,False,False,False,True,True,False,False,False,False,False,112
6,5,95.2,131.7,578.8,10.4,27.4,22,4.0,0.0,0.6418538861723948,True,False,False,False,False,False,False,False,False,False,False,False,False,False,True,False,False,144
7,4,94.3,96.3,200.0,56.1,21.0,44,4.5,0.0,0.0,False,False,False,False,False,True,False,False,False,False,False,False,False,True,False,False,False,21
2,4,91.6,248.4,753.8,6.3,16.6,59,2.7,0.0,0.0,True,False,False,False,False,False,False,False,False,False,False,False,False,False,True,False,False,455
6,5,92.8,119.0,783.5,7.5,21.6,27,2.2,0.0,0.0,False,False,False,False,False,False,False,False,False,False,True,False,False,False,True,False,False,317
6,3,92.4,105.8,758.1,9.9,24.8,28,1.8,0.0,2.727199019940971,False,False,False,False,False,False,False,False,False,False,True,False,False,True,False,False,False,310
3,4,91.7,35.8,80.8,7.8,15.2,27,4.9,0.0,0.0,False,False,False,False,False,False,True,False,False,False,False,False,True,False,False,False,False,116
8,6,84.0,27.8,354.6,5.3,5.1,61,8.0,0.0,2.5006159434931803,False,True,False,False,False,False,False,False,False,False,False,False,False,False,False,False,True,273
2,2,93.7,231.1,715.1,8.4,21.9,42,2.2,0.0,5.168379509433644,True,False,False,False,False,False,False,False,False,False,False,False,True,False,False,False,False,376
7,4,90.1,39.7,86.6,6.2,16.1,29,3.1,0.0,1.0116009116784799,False,False,False,False,False,False,True,False,False,False,False,True,False,False,False,False,False,159
2,5,95.5,99.9,513.3,13.2,23.8,32,5.4,0.0,0.5709795465857378,True,False,False,False,False,False,False,False,False,False,False,False,False,False,False,False,True,143
6,5,92.8,119.0,783.5,7.5,16.8,28,4.0,0.0,0.6981347220709844,False,False,False,False,False,False,False,False,False,False,True,False,False,False,True,False,False,321
3,4,86.9,6.6,18.7,3.2,8.8,35,3.1,0.0,0.7419373447293773,False,False,True,False,False,False,False,False,False,False,False,False,False,False,False,False,True,282
3,4,90.1,51.2,424.1,6.2,24.6,43,1.8,0.0,0.8878912573524571,False,False,False,False,True,False,False,False,False,False,False,False,True,False,False,False,False,151
3,5,90.7,136.9,822.8,6.8,12.9,39,2.7,0.0,1.1568811967920856,False,False,False,False,False,False,False,False,False,False,True,False,False,False,True,False,False,322
7,4,84.7,9.5,58.3,4.1,7.5,71,6.3,0.0,2.3942522815198695,False,False,True,False,False,False,False,False,False,False,False,True,False,False,False,False,False,389
6,5,87.9,24.9,41.6,3.7,10.9,64,3.1,0.0,1.4701758451005926,False,False,False,False,False,False,False,False,False,False,False,True,False,False,False,False,False,441
6,3,93.5,149.3,728.6,8.1,22.8,39,3.6,0.0,0.0,False,False,False,False,False,False,False,False,False,False,True,False,False,True,False,False,False,28
8,6,91.6,108.4,764.0,6.2,22.7,35,2.2,0.0,2.1377104498038118,False,False,False,False,False,False,False,False,False,False,True,True,False,False,False,False,False,337
8,6,96.1,181.1,671.2,14.3,21.6,65,4.9,0.8,0.0,True,False,False,False,False,False,False,False,False,False,False,False,False,False,False,True,False,499
2,2,89.3,51.3,102.2,9.6,5.5,59,6.3,0.0,0.0,False,False,False,False,False,False,True,False,False,False,False,False,False,True,False,False,False,60
3,6,92.4,124.1,680.7,8.5,17.2,58,1.3,0.0,0.0,False,False,False,False,False,False,False,False,False,False,True,False,False,True,False,False,False,135
7,4,90.7,44.0,92.4,5.5,11.5,60,4.0,0.0,2.2235418856535927,False,False,False,False,False,False,True,False,False,False,False,False,False,True,False,False,False,188
5,4,93.3,141.2,713.9,13.9,27.6,30,1.3,0.0,0.0,False,False,False,False,False,False,False,False,False,False,True,False,False,False,False,False,False,73
4,4,92.1,99.0,745.3,9.6,20.8,35,4.9,0.0,0.8153648132841945,False,False,False,False,False,False,False,False,False,False,True,False,False,False,False,False,False,355
3,4,92.1,152.6,658.2,14.3,21.0,32,3.1,0.0,0.0,True,False,False,False,False,False,False,False,False,False,False,False,False,False,False,True,False,267
3,4,94.6,160.0,567.2,16.7,17.9,48,2.7,0.0,0.0,False,False,False,False,True,False,False,False,False,False,False,True,False,False,False,False,False,454
3,3,92.2,102.3,751.5,8.4,24.2,27,3.1,0.0,2.0255131996542803,False,False,False,False,False,False,False,False,False,False,True,False,True,False,False,False,False,329
4,6,84.4,27.2,353.5,6.8,4.8,57,8.5,0.0,2.300583090323373,False,True,False,False,False,False,False,False,False,False,False,False,False,True,False,False,False,272
1,5,93.4,145.4,721.4,8.1,29.6,27,2.7,0.0,0.9001613499442714,False,False,False,False,False,False,False,False,False,False,True,False,True,False,False,False,False,153
2,4,91.6,108.4,764.0,6.2,20.4,41,1.8,0.0,0.9042181506398859,False,False,False,False,False,False,False,False,False,False,True,True,False,False,False,False,False,338
2,5,91.6,181.3,613.0,7.6,24.8,36,4.0,0.0,1.3987168811184478,True,False,False,False,False,False,False,False,False,False,False,False,False,True,False,False,False,418
7,4,89.2,103.9,431.6,6.4,22.6,57,4.9,0.0,5.633109621361155,False,False,False,False,True,False,False,False,False,False,False,True,False,False,False,False,False,478
8,3,84.4,73.4,671.9,3.2,24.2,28,3.6,0.0,0.6729444732424258,False,False,False,False,False,False,False,False,False,False,True,False,False,False,False,True,False,146
8,6,92.1,152.6,658.2,14.3,20.1,58,4.5,0.0,2.329227023940467,True,False,False,False,False,False,False,False,False,False,False,False,False,False,False,True,False,270
9,4,91.6,104.2,474.9,9.0,25.3,39,0.9,0.0,2.1972245773362196,False,False,False,False,True,False,False,False,False,False,False,False,True,False,False,False,False,290
3,6,91.1,94.1,232.1,7.1,19.2,38,4.5,0.0,0.0,False,False,False,False,False,True,False,False,False,False,False,False,False,False,False,False,False,301
3,4,91.1,88.2,731.7,8.3,22.8,46,4.0,0.0,1.7833912195575383,False,False,False,False,False,False,False,False,False,False,True,False,False,False,True,False,False,400
2,2,94.8,108.3,647.1,17.0,24.6,22,4.5,0.0,2.2731562823032334,True,False,False,False,False,False,False,False,False,False,False,False,False,False,False,True,False,191
2,4,91.0,166.9,752.6,7.1,25.9,41,3.6,0.0,0.0,True,False,False,False,False,False,False,False,False,False,False,False,False,False,False,False,False,506
