Class Name,handicapped-infants,water-project-cost-sharing,adoption-of-the-budget-resolution,physician-fee-freeze,el-salvador-aid,religious-groups-in-schools,anti-satellite-test-ban,aid-to-nicaraguan-contras,mx-missile,immigration,synfuels-corporation-cutback,education-spending,superfund-right-to-sue,crime,duty-free-exports,export-administration-act-south-africa,sampleNum,tuning_run,k,exponent,standard_dev_mult,estimate
republican,n,y,n,y,y,y,n,n,n,n,n,y,y,y,n,y,327,7,3,1,1,republican
republican,n,y,n,y,y,y,n,n,n,n,n,y,y,y,n,y,327,7,6,1,1,republican
republican,n,y,n,y,y,y,n,n,n,n,n,y,y,y,n,y,327,7,9,1,1,republican
republican,n,y,n,y,y,y,n,n,n,n,n,y,y,y,n,y,327,7,12,1,1,republican
republican,n,y,n,y,y,y,n,n,n,n,n,y,y,y,n,y,327,7,3,2,1,republican
republican,n,y,n,y,y,y,n,n,n,n,n,y,y,y,n,y,327,7,6,2,1,republican
republican,n,y,n,y,y,y,n,n,n,n,n,y,y,y,n,y,327,7,9,2,1,republican
republican,n,y,n,y,y,y,n,n,n,n,n,y,y,y,n,y,327,7,12,2,1,republican
republican,n,y,n,y,y,y,?,n,n,n,n,?,y,y,n,n,247,7,3,1,1,republican
republican,n,y,n,y,y,y,?,n,n,n,n,?,y,y,n,n,247,7,6,1,1,republican
republican,n,y,n,y,y,y,?,n,n,n,n,?,y,y,n,n,247,7,9,1,1,republican
republican,n,y,n,y,y,y,?,n,n,n,n,?,y,y,n,n,247,7,12,1,1,republican
republican,n,y,n,y,y,y,?,n,n,n,n,?,y,y,n,n,247,7,3,2,1,republican
republican,n,y,n,y,y,y,?,n,n,n,n,?,y,y,n,n,247,7,6,2,1,republican
republican,n,y,n,y,y,y,?,n,n,n,n,?,y,y,n,n,247,7,9,2,1,republican
republican,n,y,n,y,y,y,?,n,n,n,n,?,y,y,n,n,247,7,12,2,1,republican
republican,y,y,n,y,y,y,n,n,n,y,n,y,y,y,n,n,53,7,3,1,1,republican
republican,y,y,n,y,y,y,n,n,n,y,n,y,y,y,n,n,53,7,6,1,1,republican
republican,y,y,n,y,y,y,n,n,n,y,n,y,y,y,n,n,53,7,9,1,1,republican
republican,y,y,n,y,y,y,n,n,n,y,n,y,y,y,n,n,53,7,12,1,1,republican
republican,y,y,n,y,y,y,n,n,n,y,n,y,y,y,n,n,53,7,3,2,1,republican
republican,y,y,n,y,y,y,n,n,n,y,n,y,y,y,n,n,53,7,6,2,1,republican
republican,y,y,n,y,y,y,n,n,n,y,n,y,y,y,n,n,53,7,9,2,1,republican
republican,y,y,n,y,y,y,n,n,n,y,n,y,y,y,n,n,53,7,12,2,1,republican
republican,n,n,n,y,n,n,y,y,y,y,n,n,y,y,n,y,140,7,3,1,1,republican
republican,n,n,n,y,n,n,y,y,y,y,n,n,y,y,n,y,140,7,6,1,1,democrat
republican,n,n,n,y,n,n,y,y,y,y,n,n,y,y,n,y,140,7,9,1,1,democrat
republican,n,n,n,y,n,n,y,y,y,y,n,n,y,y,n,y,140,7,12,1,1,democrat
republican,n,n,n,y,n,n,y,y,y,y,n,n,y,y,n,y,140,7,3,2,1,republican
republican,n,n,n,y,n,n,y,y,y,y,n,n,y,y,n,y,140,7,6,2,1,democrat
republican,n,n,n,y,n,n,y,y,y,y,n,n,y,y,n,y,140,7,9,2,1,republican
republican,n,n,n,y,n,n,y,y,y,y,n,n,y,y,n,y,140,7,12,2,1,republican
republican,n,n,n,y,y,n,y,y,y,y,n,y,y,y,n,y,300,7,3,1,1,republican
republican,n,n,n,y,y,n,y,y,y,y,n,y,y,y,n,y,300,7,6,1,1,republican
republican,n,n,n,y,y,n,y,y,y,y,n,y,y,y,n,y,300,7,9,1,1,republican
republican,n,n,n,y,y,n,y,y,y,y,n,y,y,y,n,y,300,7,12,1,1,republican
republican,n,n,n,y,y,n,y,y,y,y,n,y,y,y,n,y,300,7,3,2,1,republican
republican,n,n,n,y,y,n,y,y,y,y,n,y,y,y,n,y,300,7,6,2,1,republican
republican,n,n,n,y,y,n,y,y,y,y,n,y,y,y,n,y,300,7,9,2,1,republican
republican,n,n,n,y,y,n,y,y,y,y,n,y,y,y,n,y,300,7,12,2,1,republican
republican,n,n,n,y,y,n,y,y,n,y,n,y,y,y,?,y,273,7,3,1,1,republican
republican,n,n,n,y,y,n,y,y,n,y,n,y,y,y,?,y,273,7,6,1,1,republican
republican,n,n,n,y,y,n,y,y,n,y,n,y,y,y,?,y,273,7,9,1,1,republican
republican,n,n,n,y,y,n,y,y,n,y,n,y,y,y,?,y,273,7,12,1,1,republican
republican,n,n,n,y,y,n,y,y,n,y,n,y,y,y,?,y,273,7,3,2,1,republican
republican,n,n,n,y,y,n,y,y,n,y,n,y,y,y,?,y,273,7,6,2,1,republican
republican,n,n,n,y,y,n,y,y,n,y,n,y,y,y,?,y,273,7,9,2,1,republican
republican,n,n,n,y,y,n,y,y,n,y,n,y,y,y,?,y,273,7,12,2,1,republican
republican,n,?,n,y,y,y,n,n,n,y,n,y,y,y,n,y,171,7,3,1,1,republican
republican,n,?,n,y,y,y,n,n,n,y,n,y,y,y,n,y,171,7,6,1,1,republican
republican,n,?,n,y,y,y,n,n,n,y,n,y,y,y,n,y,171,7,9,1,1,republican
republican,n,?,n,y,y,y,n,n,n,y,n,y,y,y,n,y,171,7,12,1,1,republican
republican,n,?,n,y,y,y,n,n,n,y,n,y,y,y,n,y,171,7,3,2,1,republican
republican,n,?,n,y,y,y,n,n,n,y,n,y,y,y,n,y,171,7,6,2,1,republican
republican,n,?,n,y,y,y,n,n,n,y,n,y,y,y,n,y,171,7,9,2,1,republican
republican,n,?,n,y,y,y,n,n,n,y,n,y,y,y,n,y,171,7,12,2,1,republican
republican,n,n,n,y,y,y,n,n,n,y,n,y,y,y,n,n,305,7,3,1,1,republican
republican,n,n,n,y,y,y,n,n,n,y,n,y,y,y,n,n,305,7,6,1,1,republican
republican,n,n,n,y,y,y,n,n,n,y,n,y,y,y,n,n,305,7,9,1,1,republican
republican,n,n,n,y,y,y,n,n,n,y,n,y,y,y,n,n,305,7,12,1,1,republican
republican,n,n,n,y,y,y,n,n,n,y,n,y,y,y,n,n,305,7,3,2,1,republican
republican,n,n,n,y,y,y,n,n,n,y,n,y,y,y,n,n,305,7,6,2,1,republican
republican,n,n,n,y,y,y,n,n,n,y,n,y,y,y,n,n,305,7,9,2,1,republican
republican,n,n,n,y,y,y,n,n,n,y,n,y,y,y,n,n,305,7,12,2,1,republican
republican,n,?,n,y,y,y,n,n,n,y,n,y,y,y,n,n,113,7,3,1,1,republican
republican,n,?,n,y,y,y,n,n,n,y,n,y,y,y,n,n,113,7,6,1,1,republican
republican,n,?,n,y,y,y,n,n,n,y,n,y,y,y,n,n,113,7,9,1,1,republican
republican,n,?,n,y,y,y,n,n,n,y,n,y,y,y,n,n,113,7,12,1,1,republican
republican,n,?,n,y,y,y,n,n,n,y,n,y,y,y,n,n,113,7,3,2,1,republican
republican,n,?,n,y,y,y,n,n,n,y,n,y,y,y,n,n,113,7,6,2,1,republican
republican,n,?,n,y,y,y,n,n,n,y,n,y,y,y,n,n,113,7,9,2,1,republican
republican,n,?,n,y,y,y,n,n,n,y,n,y,y,y,n,n,113,7,12,2,1,republican
republican,y,y,n,y,y,y,n,n,n,y,n,y,y,y,n,y,150,7,3,1,1,republican
republican,y,y,n,y,y,y,n,n,n,y,n,y,y,y,n,y,150,7,6,1,1,republican
republican,y,y,n,y,y,y,n,n,n,y,n,y,y,y,n,y,150,7,9,1,1,republican
republican,y,y,n,y,y,y,n,n,n,y,n,y,y,y,n,y,150,7,12,1,1,republican
republican,y,y,n,y,y,y,n,n,n,y,n,y,y,y,n,y,150,7,3,2,1,republican
republican,y,y,n,y,y,y,n,n,n,y,n,y,y,y,n,y,150,7,6,2,1,republican
republican,y,y,n,y,y,y,n,n,n,y,n,y,y,y,n,y,150,7,9,2,1,republican
republican,y,y,n,y,y,y,n,n,n,y,n,y,y,y,n,y,150,7,12,2,1,republican
republican,y,y,n,y,y,y,n,n,n,n,n,n,y,y,n,y,37,7,3,1,1,republican
republican,y,y,n,y,y,y,n,n,n,n,n,n,y,y,n,y,37,7,6,1,1,republican
republican,y,y,n,y,y,y,n,n,n,n,n,n,y,y,n,y,37,7,9,1,1,republican
republican,y,y,n,y,y,y,n,n,n,n,n,n,y,y,n,y,37,7,12,1,1,republican
republican,y,y,n,y,y,y,n,n,n,n,n,n,y,y,n,y,37,7,3,2,1,republican
republican,y,y,n,y,y,y,n,n,n,n,n,n,y,y,n,y,37,7,6,2,1,republican
republican,y,y,n,y,y,y,n,n,n,n,n,n,y,y,n,y,37,7,9,2,1,republican
republican,y,y,n,y,y,y,n,n,n,n,n,n,y,y,n,y,37,7,12,2,1,republican
republican,n,y,n,y,y,y,?,?,n,n,?,?,y,?,?,?,377,7,3,1,1,republican
republican,n,y,n,y,y,y,?,?,n,n,?,?,y,?,?,?,377,7,6,1,1,republican
republican,n,y,n,y,y,y,?,?,n,n,?,?,y,?,?,?,377,7,9,1,1,republican
republican,n,y,n,y,y,y,?,?,n,n,?,?,y,?,?,?,377,7,12,1,1,republican
republican,n,y,n,y,y,y,?,?,n,n,?,?,y,?,?,?,377,7,3,2,1,republican
republican,n,y,n,y,y,y,?,?,n,n,?,?,y,?,?,?,377,7,6,2,1,republican
republican,n,y,n,y,y,y,?,?,n,n,?,?,y,?,?,?,377,7,9,2,1,republican
republican,n,y,n,y,y,y,?,?,n,n,?,?,y,?,?,?,377,7,12,2,1,republican
republican,n,y,n,y,y,y,n,n,n,y,y,y,y,y,n,n,401,7,3,1,1,republican
republican,n,y,n,y,y,y,n,n,n,y,y,y,y,y,n,n,401,7,6,1,1,republican
republican,n,y,n,y,y,y,n,n,n,y,y,y,y,y,n,n,401,7,9,1,1,republican
republican,n,y,n,y,y,y,n,n,n,y,y,y,y,y,n,n,401,7,12,1,1,republican
republican,n,y,n,y,y,y,n,n,n,y,y,y,y,y,n,n,401,7,3,2,1,republican
republican,n,y,n,y,y,y,n,n,n,y,y,y,y,y,n,n,401,7,6,2,1,republican
republican,n,y,n,y,y,y,n,n,n,y,y,y,y,y,n,n,401,7,9,2,1,republican
republican,n,y,n,y,y,y,n,n,n,y,y,y,y,y,n,n,401,7,12,2,1,republican
republican,n,y,n,y,y,y,n,n,n,n,y,?,y,y,?,?,11,7,3,1,1,republican
republican,n,y,n,y,y,y,n,n,n,n,y,?,y,y,?,?,11,7,6,1,1,republican
republican,n,y,n,y,y,y,n,n,n,n,y,?,y,y,?,?,11,7,9,1,1,republican
republican,n,y,n,y,y,y,n,n,n,n,y,?,y,y,?,?,11,7,12,1,1,republican
republican,n,y,n,y,y,y,n,n,n,n,y,?,y,y,?,?,11,7,3,2,1,republican
republican,n,y,n,y,y,y,n,n,n,n,y,?,y,y,?,?,11,7,6,2,1,republican
republican,n,y,n,y,y,y,n,n,n,n,y,?,y,y,?,?,11,7,9,2,1,republican
republican,n,y,n,y,y,y,n,n,n,n,y,?,y,y,?,?,11,7,12,2,1,republican
republican,n,n,n,y,y,y,n,n,n,n,n,y,y,y,n,n,303,7,3,1,1,republican
republican,n,n,n,y,y,y,n,n,n,n,n,y,y,y,n,n,303,7,6,1,1,republican
republican,n,n,n,y,y,y,n,n,n,n,n,y,y,y,n,n,303,7,9,1,1,republican
republican,n,n,n,y,y,y,n,n,n,n,n,y,y,y,n,n,303,7,12,1,1,republican
republican,n,n,n,y,y,y,n,n,n,n,n,y,y,y,n,n,303,7,3,2,1,republican
republican,n,n,n,y,y,y,n,n,n,n,n,y,y,y,n,n,303,7,6,2,1,republican
republican,n,n,n,y,y,y,n,n,n,n,n,y,y,y,n,n,303,7,9,2,1,republican
republican,n,n,n,y,y,y,n,n,n,n,n,y,y,y,n,n,303,7,12,2,1,republican
republican,n,y,n,y,y,y,n,n,n,n,n,y,y,y,n,n,250,7,3,1,1,republican
republican,n,y,n,y,y,y,n,n,n,n,n,y,y,y,n,n,250,7,6,1,1,republican
republican,n,y,n,y,y,y,n,n,n,n,n,y,y,y,n,n,250,7,9,1,1,republican
republican,n,y,n,y,y,y,n,n,n,n,n,y,y,y,n,n,250,7,12,1,1,republican
republican,n,y,n,y,y,y,n,n,n,n,n,y,y,y,n,n,250,7,3,2,1,republican
republican,n,y,n,y,y,y,n,n,n,n,n,y,y,y,n,n,250,7,6,2,1,republican
republican,n,y,n,y,y,y,n,n,n,n,n,y,y,y,n,n,250,7,9,2,1,republican
republican,n,y,n,y,y,y,n,n,n,n,n,y,y,y,n,n,250,7,12,2,1,republican
republican,y,y,y,y,y,n,y,n,n,n,n,y,y,y,n,y,117,7,3,1,1,republican
republican,y,y,y,y,y,n,y,n,n,n,n,y,y,y,n,y,117,7,6,1,1,republican
republican,y,y,y,y,y,n,y,n,n,n,n,y,y,y,n,y,117,7,9,1,1,republican
republican,y,y,y,y,y,n,y,n,n,n,n,y,y,y,n,y,117,7,12,1,1,republican
republican,y,y,y,y,y,n,y,n,n,n,n,y,y,y,n,y,117,7,3,2,1,republican
republican,y,y,y,y,y,n,y,n,n,n,n,y,y,y,n,y,117,7,6,2,1,republican
republican,y,y,y,y,y,n,y,n,n,n,n,y,y,y,n,y,117,7,9,2,1,republican
republican,y,y,y,y,y,n,y,n,n,n,n,y,y,y,n,y,117,7,12,2,1,republican
republican,n,y,n,y,y,y,n,n,n,y,n,y,y,y,n,?,304,7,3,1,1,republican
republican,n,y,n,y,y,y,n,n,n,y,n,y,y,y,n,?,304,7,6,1,1,republican
republican,n,y,n,y,y,y,n,n,n,y,n,y,y,y,n,?,304,7,9,1,1,republican
republican,n,y,n,y,y,y,n,n,n,y,n,y,y,y,n,?,304,7,12,1,1,republican
republican,n,y,n,y,y,y,n,n,n,y,n,y,y,y,n,?,304,7,3,2,1,republican
republican,n,y,n,y,y,y,n,n,n,y,n,y,y,y,n,?,304,7,6,2,1,republican
republican,n,y,n,y,y,y,n,n,n,y,n,y,y,y,n,?,304,7,9,2,1,republican
republican,n,y,n,y,y,y,n,n,n,y,n,y,y,y,n,?,304,7,12,2,1,republican
republican,n,?,n,y,y,y,n,n,n,y,n,y,y,y,n,y,111,7,3,1,1,republican
republican,n,?,n,y,y,y,n,n,n,y,n,y,y,y,n,y,111,7,6,1,1,republican
republican,n,?,n,y,y,y,n,n,n,y,n,y,y,y,n,y,111,7,9,1,1,republican
republican,n,?,n,y,y,y,n,n,n,y,n,y,y,y,n,y,111,7,12,1,1,republican
republican,n,?,n,y,y,y,n,n,n,y,n,y,y,y,n,y,111,7,3,2,1,republican
republican,n,?,n,y,y,y,n,n,n,y,n,y,y,y,n,y,111,7,6,2,1,republican
republican,n,?,n,y,y,y,n,n,n,y,n,y,y,y,n,y,111,7,9,2,1,republican
republican,n,?,n,y,y,y,n,n,n,y,n,y,y,y,n,y,111,7,12,2,1,republican
republican,n,n,n,y,y,y,?,?,?,?,n,y,y,y,n,y,433,7,3,1,1,republican
republican,n,n,n,y,y,y,?,?,?,?,n,y,y,y,n,y,433,7,6,1,1,republican
republican,n,n,n,y,y,y,?,?,?,?,n,y,y,y,n,y,433,7,9,1,1,republican
republican,n,n,n,y,y,y,?,?,?,?,n,y,y,y,n,y,433,7,12,1,1,republican
republican,n,n,n,y,y,y,?,?,?,?,n,y,y,y,n,y,433,7,3,2,1,republican
republican,n,n,n,y,y,y,?,?,?,?,n,y,y,y,n,y,433,7,6,2,1,republican
republican,n,n,n,y,y,y,?,?,?,?,n,y,y,y,n,y,433,7,9,2,1,republican
republican,n,n,n,y,y,y,?,?,?,?,n,y,y,y,n,y,433,7,12,2,1,republican
republican,n,?,n,y,y,y,n,n,n,n,n,y,y,y,n,y,225,7,3,1,1,republican
republican,n,?,n,y,y,y,n,n,n,n,n,y,y,y,n,y,225,7,6,1,1,republican
republican,n,?,n,y,y,y,n,n,n,n,n,y,y,y,n,y,225,7,9,1,1,republican
republican,n,?,n,y,y,y,n,n,n,n,n,y,y,y,n,y,225,7,12,1,1,republican
republican,n,?,n,y,y,y,n,n,n,n,n,y,y,y,n,y,225,7,3,2,1,republican
republican,n,?,n,y,y,y,n,n,n,n,n,y,y,y,n,y,225,7,6,2,1,republican
republican,n,?,n,y,y,y,n,n,n,n,n,y,y,y,n,y,225,7,9,2,1,republican
republican,n,?,n,y,y,y,n,n,n,n,n,y,y,y,n,y,225,7,12,2,1,republican
republican,y,n,n,y,y,y,n,n,n,y,n,y,y,y,n,n,347,7,3,1,1,republican
republican,y,n,n,y,y,y,n,n,n,y,n,y,y,y,n,n,347,7,6,1,1,republican
republican,y,n,n,y,y,y,n,n,n,y,n,y,y,y,n,n,347,7,9,1,1,republican
republican,y,n,n,y,y,y,n,n,n,y,n,y,y,y,n,n,347,7,12,1,1,republican
republican,y,n,n,y,y,y,n,n,n,y,n,y,y,y,n,n,347,7,3,2,1,republican
republican,y,n,n,y,y,y,n,n,n,y,n,y,y,y,n,n,347,7,6,2,1,republican
republican,y,n,n,y,y,y,n,n,n,y,n,y,y,y,n,n,347,7,9,2,1,republican
republican,y,n,n,y,y,y,n,n,n,y,n,y,y,y,n,n,347,7,12,2,1,republican
republican,y,y,n,y,y,y,n,n,n,y,n,y,y,y,n,y,404,7,3,1,1,republican
republican,y,y,n,y,y,y,n,n,n,y,n,y,y,y,n,y,404,7,6,1,1,republican
republican,y,y,n,y,y,y,n,n,n,y,n,y,y,y,n,y,404,7,9,1,1,republican
republican,y,y,n,y,y,y,n,n,n,y,n,y,y,y,n,y,404,7,12,1,1,republican
republican,y,y,n,y,y,y,n,n,n,y,n,y,y,y,n,y,404,7,3,2,1,republican
republican,y,y,n,y,y,y,n,n,n,y,n,y,y,y,n,y,404,7,6,2,1,republican
republican,y,y,n,y,y,y,n,n,n,y,n,y,y,y,n,y,404,7,9,2,1,republican
republican,y,y,n,y,y,y,n,n,n,y,n,y,y,y,n,y,404,7,12,2,1,republican
republican,n,n,y,y,n,n,y,y,y,y,n,n,n,y,y,y,176,7,3,1,1,democrat
republican,n,n,y,y,n,n,y,y,y,y,n,n,n,y,y,y,176,7,6,1,1,democrat
republican,n,n,y,y,n,n,y,y,y,y,n,n,n,y,y,y,176,7,9,1,1,democrat
republican,n,n,y,y,n,n,y,y,y,y,n,n,n,y,y,y,176,7,12,1,1,democrat
republican,n,n,y,y,n,n,y,y,y,y,n,n,n,y,y,y,176,7,3,2,1,democrat
republican,n,n,y,y,n,n,y,y,y,y,n,n,n,y,y,y,176,7,6,2,1,democrat
republican,n,n,y,y,n,n,y,y,y,y,n,n,n,y,y,y,176,7,9,2,1,democrat
republican,n,n,y,y,n,n,y,y,y,y,n,n,n,y,y,y,176,7,12,2,1,democrat
republican,n,y,y,y,y,y,y,?,n,n,n,n,?,?,y,?,315,7,3,1,1,republican
republican,n,y,y,y,y,y,y,?,n,n,n,n,?,?,y,?,315,7,6,1,1,republican
republican,n,y,y,y,y,y,y,?,n,n,n,n,?,?,y,?,315,7,9,1,1,republican
republican,n,y,y,y,y,y,y,?,n,n,n,n,?,?,y,?,315,7,12,1,1,republican
republican,n,y,y,y,y,y,y,?,n,n,n,n,?,?,y,?,315,7,3,2,1,republican
republican,n,y,y,y,y,y,y,?,n,n,n,n,?,?,y,?,315,7,6,2,1,republican
republican,n,y,y,y,y,y,y,?,n,n,n,n,?,?,y,?,315,7,9,2,1,republican
republican,n,y,y,y,y,y,y,?,n,n,n,n,?,?,y,?,315,7,12,2,1,republican
republican,n,n,n,y,y,y,y,y,y,y,n,y,y,y,n,y,142,7,3,1,1,republican
republican,n,n,n,y,y,y,y,y,y,y,n,y,y,y,n,y,142,7,6,1,1,republican
republican,n,n,n,y,y,y,y,y,y,y,n,y,y,y,n,y,142,7,9,1,1,republican
republican,n,n,n,y,y,y,y,y,y,y,n,y,y,y,n,y,142,7,12,1,1,republican
republican,n,n,n,y,y,y,y,y,y,y,n,y,y,y,n,y,142,7,3,2,1,republican
republican,n,n,n,y,y,y,y,y,y,y,n,y,y,y,n,y,142,7,6,2,1,republican
republican,n,n,n,y,y,y,y,y,y,y,n,y,y,y,n,y,142,7,9,2,1,republican
republican,n,n,n,y,y,y,y,y,y,y,n,y,y,y,n,y,142,7,12,2,1,republican
republican,n,y,n,y,y,y,n,n,n,n,n,y,y,y,n,n,154,7,3,1,1,republican
republican,n,y,n,y,y,y,n,n,n,n,n,y,y,y,n,n,154,7,6,1,1,republican
republican,n,y,n,y,y,y,n,n,n,n,n,y,y,y,n,n,154,7,9,1,1,republican
republican,n,y,n,y,y,y,n,n,n,n,n,y,y,y,n,n,154,7,12,1,1,republican
republican,n,y,n,y,y,y,n,n,n,n,n,y,y,y,n,n,154,7,3,2,1,republican
republican,n,y,n,y,y,y,n,n,n,n,n,y,y,y,n,n,154,7,6,2,1,republican
republican,n,y,n,y,y,y,n,n,n,n,n,y,y,y,n,n,154,7,9,2,1,republican
republican,n,y,n,y,y,y,n,n,n,n,n,y,y,y,n,n,154,7,12,2,1,republican
republican,n,y,n,y,y,y,n,n,n,n,n,y,y,y,n,y,374,7,3,1,1,republican
republican,n,y,n,y,y,y,n,n,n,n,n,y,y,y,n,y,374,7,6,1,1,republican
republican,n,y,n,y,y,y,n,n,n,n,n,y,y,y,n,y,374,7,9,1,1,republican
republican,n,y,n,y,y,y,n,n,n,n,n,y,y,y,n,y,374,7,12,1,1,republican
republican,n,y,n,y,y,y,n,n,n,n,n,y,y,y,n,y,374,7,3,2,1,republican
republican,n,y,n,y,y,y,n,n,n,n,n,y,y,y,n,y,374,7,6,2,1,republican
republican,n,y,n,y,y,y,n,n,n,n,n,y,y,y,n,y,374,7,9,2,1,republican
republican,n,y,n,y,y,y,n,n,n,n,n,y,y,y,n,y,374,7,12,2,1,republican
republican,n,y,n,y,y,y,n,n,n,n,n,y,y,y,n,?,1,7,3,1,1,republican
republican,n,y,n,y,y,y,n,n,n,n,n,y,y,y,n,?,1,7,6,1,1,republican
republican,n,y,n,y,y,y,n,n,n,n,n,y,y,y,n,?,1,7,9,1,1,republican
republican,n,y,n,y,y,y,n,n,n,n,n,y,y,y,n,?,1,7,12,1,1,republican
republican,n,y,n,y,y,y,n,n,n,n,n,y,y,y,n,?,1,7,3,2,1,republican
republican,n,y,n,y,y,y,n,n,n,n,n,y,y,y,n,?,1,7,6,2,1,republican
republican,n,y,n,y,y,y,n,n,n,n,n,y,y,y,n,?,1,7,9,2,1,republican
republican,n,y,n,y,y,y,n,n,n,n,n,y,y,y,n,?,1,7,12,2,1,republican
republican,n,n,n,y,y,y,n,n,n,n,n,y,y,y,y,n,276,7,3,1,1,republican
republican,n,n,n,y,y,y,n,n,n,n,n,y,y,y,y,n,276,7,6,1,1,republican
republican,n,n,n,y,y,y,n,n,n,n,n,y,y,y,y,n,276,7,9,1,1,republican
republican,n,n,n,y,y,y,n,n,n,n,n,y,y,y,y,n,276,7,12,1,1,republican
republican,n,n,n,y,y,y,n,n,n,n,n,y,y,y,y,n,276,7,3,2,1,republican
republican,n,n,n,y,y,y,n,n,n,n,n,y,y,y,y,n,276,7,6,2,1,republican
republican,n,n,n,y,y,y,n,n,n,n,n,y,y,y,y,n,276,7,9,2,1,republican
republican,n,n,n,y,y,y,n,n,n,n,n,y,y,y,y,n,276,7,12,2,1,republican
republican,y,n,y,y,n,n,n,y,y,y,n,n,n,y,y,y,355,7,3,1,1,democrat
republican,y,n,y,y,n,n,n,y,y,y,n,n,n,y,y,y,355,7,6,1,1,democrat
republican,y,n,y,y,n,n,n,y,y,y,n,n,n,y,y,y,355,7,9,1,1,democrat
republican,y,n,y,y,n,n,n,y,y,y,n,n,n,y,y,y,355,7,12,1,1,democrat
republican,y,n,y,y,n,n,n,y,y,y,n,n,n,y,y,y,355,7,3,2,1,democrat
republican,y,n,y,y,n,n,n,y,y,y,n,n,n,y,y,y,355,7,6,2,1,democrat
republican,y,n,y,y,n,n,n,y,y,y,n,n,n,y,y,y,355,7,9,2,1,democrat
republican,y,n,y,y,n,n,n,y,y,y,n,n,n,y,y,y,355,7,12,2,1,democrat
republican,y,n,n,y,y,y,n,n,n,n,y,y,y,y,n,n,339,7,3,1,1,republican
republican,y,n,n,y,y,y,n,n,n,n,y,y,y,y,n,n,339,7,6,1,1,republican
republican,y,n,n,y,y,y,n,n,n,n,y,y,y,y,n,n,339,7,9,1,1,republican
republican,y,n,n,y,y,y,n,n,n,n,y,y,y,y,n,n,339,7,12,1,1,republican
republican,y,n,n,y,y,y,n,n,n,n,y,y,y,y,n,n,339,7,3,2,1,republican
republican,y,n,n,y,y,y,n,n,n,n,y,y,y,y,n,n,339,7,6,2,1,republican
republican,y,n,n,y,y,y,n,n,n,n,y,y,y,y,n,n,339,7,9,2,1,republican
republican,y,n,n,y,y,y,n,n,n,n,y,y,y,y,n,n,339,7,12,2,1,republican
republican,n,y,n,y,y,y,n,n,n,n,n,y,y,y,n,n,35,7,3,1,1,republican
republican,n,y,n,y,y,y,n,n,n,n,n,y,y,y,n,n,35,7,6,1,1,republican
republican,n,y,n,y,y,y,n,n,n,n,n,y,y,y,n,n,35,7,9,1,1,republican
republican,n,y,n,y,y,y,n,n,n,n,n,y,y,y,n,n,35,7,12,1,1,republican
republican,n,y,n,y,y,y,n,n,n,n,n,y,y,y,n,n,35,7,3,2,1,republican
republican,n,y,n,y,y,y,n,n,n,n,n,y,y,y,n,n,35,7,6,2,1,republican
republican,n,y,n,y,y,y,n,n,n,n,n,y,y,y,n,n,35,7,9,2,1,republican
republican,n,y,n,y,y,y,n,n,n,n,n,y,y,y,n,n,35,7,12,2,1,republican
democrat,y,y,y,n,y,y,n,y,?,y,n,n,y,y,n,?,323,7,3,1,1,democrat
democrat,y,y,y,n,y,y,n,y,?,y,n,n,y,y,n,?,323,7,6,1,1,democrat
democrat,y,y,y,n,y,y,n,y,?,y,n,n,y,y,n,?,323,7,9,1,1,democrat
democrat,y,y,y,n,y,y,n,y,?,y,n,n,y,y,n,?,323,7,12,1,1,democrat
democrat,y,y,y,n,y,y,n,y,?,y,n,n,y,y,n,?,323,7,3,2,1,democrat
democrat,y,y,y,n,y,y,n,y,?,y,n,n,y,y,n,?,323,7,6,2,1,democrat
democrat,y,y,y,n,y,y,n,y,?,y,n,n,y,y,n,?,323,7,9,2,1,democrat
democrat,y,y,y,n,y,y,n,y,?,y,n,n,y,y,n,?,323,7,12,2,1,democrat
democrat,n,n,y,n,n,n,y,y,y,y,n,n,n,n,y,y,110,7,3,1,1,democrat
democrat,n,n,y,n,n,n,y,y,y,y,n,n,n,n,y,y,110,7,6,1,1,democrat
democrat,n,n,y,n,n,n,y,y,y,y,n,n,n,n,y,y,110,7,9,1,1,democrat
democrat,n,n,y,n,n,n,y,y,y,y,n,n,n,n,y,y,110,7,12,1,1,democrat
democrat,n,n,y,n,n,n,y,y,y,y,n,n,n,n,y,y,110,7,3,2,1,democrat
democrat,n,n,y,n,n,n,y,y,y,y,n,n,n,n,y,y,110,7,6,2,1,democrat
democrat,n,n,y,n,n,n,y,y,y,y,n,n,n,n,y,y,110,7,9,2,1,democrat
democrat,n,n,y,n,n,n,y,y,y,y,n,n,n,n,y,y,110,7,12,2,1,democrat
democrat,y,n,y,n,y,y,y,n,n,n,y,n,n,y,n,y,101,7,3,1,1,democrat
democrat,y,n,y,n,y,y,y,n,n,n,y,n,n,y,n,y,101,7,6,1,1,democrat
democrat,y,n,y,n,y,y,y,n,n,n,y,n,n,y,n,y,101,7,9,1,1,democrat
democrat,y,n,y,n,y,y,y,n,n,n,y,n,n,y,n,y,101,7,12,1,1,democrat
democrat,y,n,y,n,y,y,y,n,n,n,y,n,n,y,n,y,101,7,3,2,1,democrat
democrat,y,n,y,n,y,y,y,n,n,n,y,n,n,y,n,y,101,7,6,2,1,democrat
democrat,y,n,y,n,y,y,y,n,n,n,y,n,n,y,n,y,101,7,9,2,1,democrat
democrat,y,n,y,n,y,y,y,n,n,n,y,n,n,y,n,y,101,7,12,2,1,democrat
democrat,y,y,y,n,?,n,y,y,y,y,n,n,n,n,y,?,371,7,3,1,1,democrat
democrat,y,y,y,n,?,n,y,y,y,y,n,n,n,n,y,?,371,7,6,1,1,democrat
democrat,y,y,y,n,?,n,y,y,y,y,n,n,n,n,y,?,371,7,9,1,1,democrat
democrat,y,y,y,n,?,n,y,y,y,y,n,n,n,n,y,?,371,7,12,1,1,democrat
democrat,y,y,y,n,?,n,y,y,y,y,n,n,n,n,y,?,371,7,3,2,1,democrat
democrat,y,y,y,n,?,n,y,y,y,y,n,n,n,n,y,?,371,7,6,2,1,democrat
democrat,y,y,y,n,?,n,y,y,y,y,n,n,n,n,y,?,371,7,9,2,1,democrat
democrat,y,y,y,n,?,n,y,y,y,y,n,n,n,n,y,?,371,7,12,2,1,democrat
democrat,y,y,y,n,n,n,y,y,n,y,n,n,n,n,n,y,418,7,3,1,1,democrat
democrat,y,y,y,n,n,n,y,y,n,y,n,n,n,n,n,y,418,7,6,1,1,democrat
democrat,y,y,y,n,n,n,y,y,n,y,n,n,n,n,n,y,418,7,9,1,1,democrat
democrat,y,y,y,n,n,n,y,y,n,y,n,n,n,n,n,y,418,7,12,1,1,democrat
democrat,y,y,y,n,n,n,y,y,n,y,n,n,n,n,n,y,418,7,3,2,1,democrat
democrat,y,y,y,n,n,n,y,y,n,y,n,n,n,n,n,y,418,7,6,2,1,democrat
democrat,y,y,y,n,n,n,y,y,n,y,n,n,n,n,n,y,418,7,9,2,1,democrat
democrat,y,y,y,n,n,n,y,y,n,y,n,n,n,n,n,y,418,7,12,2,1,democrat
democrat,n,y,y,n,n,y,n,y,y,y,y,n,y,n,y,y,152,7,3,1,1,democrat
democrat,n,y,y,n,n,y,n,y,y,y,y,n,y,n,y,y,152,7,6,1,1,democrat
democrat,n,y,y,n,n,y,n,y,y,y,y,n,y,n,y,y,152,7,9,1,1,democrat
democrat,n,y,y,n,n,y,n,y,y,y,y,n,y,n,y,y,152,7,12,1,1,democrat
democrat,n,y,y,n,n,y,n,y,y,y,y,n,y,n,y,y,152,7,3,2,1,democrat
democrat,n,y,y,n,n,y,n,y,y,y,y,n,y,n,y,y,152,7,6,2,1,democrat
democrat,n,y,y,n,n,y,n,y,y,y,y,n,y,n,y,y,152,7,9,2,1,democrat
democrat,n,y,y,n,n,y,n,y,y,y,y,n,y,n,y,y,152,7,12,2,1,democrat
democrat,n,y,y,n,n,y,y,y,y,n,?,n,n,n,n,y,271,7,3,1,1,democrat
democrat,n,y,y,n,n,y,y,y,y,n,?,n,n,n,n,y,271,7,6,1,1,democrat
democrat,n,y,y,n,n,y,y,y,y,n,?,n,n,n,n,y,271,7,9,1,1,democrat
democrat,n,y,y,n,n,y,y,y,y,n,?,n,n,n,n,y,271,7,12,1,1,democrat
democrat,n,y,y,n,n,y,y,y,y,n,?,n,n,n,n,y,271,7,3,2,1,democrat
democrat,n,y,y,n,n,y,y,y,y,n,?,n,n,n,n,y,271,7,6,2,1,democrat
democrat,n,y,y,n,n,y,y,y,y,n,?,n,n,n,n,y,271,7,9,2,1,democrat
democrat,n,y,y,n,n,y,y,y,y,n,?,n,n,n,n,y,271,7,12,2,1,democrat
democrat,y,y,n,n,n,n,n,y,y,n,y,n,n,n,y,n,391,7,3,1,1,democrat
democrat,y,y,n,n,n,n,n,y,y,n,y,n,n,n,y,n,391,7,6,1,1,democrat
democrat,y,y,n,n,n,n,n,y,y,n,y,n,n,n,y,n,391,7,9,1,1,democrat
democrat,y,y,n,n,n,n,n,y,y,n,y,n,n,n,y,n,391,7,12,1,1,democrat
democrat,y,y,n,n,n,n,n,y,y,n,y,n,n,n,y,n,391,7,3,2,1,democrat
democrat,y,y,n,n,n,n,n,y,y,n,y,n,n,n,y,n,391,7,6,2,1,democrat
democrat,y,y,n,n,n,n,n,y,y,n,y,n,n,n,y,n,391,7,9,2,1,democrat
democrat,y,y,n,n,n,n,n,y,y,n,y,n,n,n,y,n,391,7,12,2,1,democrat
democrat,n,y,y,n,n,y,n,y,y,n,y,n,y,n,y,y,213,7,3,1,1,democrat
democrat,n,y,y,n,n,y,n,y,y,n,y,n,y,n,y,y,213,7,6,1,1,democrat
democrat,n,y,y,n,n,y,n,y,y,n,y,n,y,n,y,y,213,7,9,1,1,democrat
democrat,n,y,y,n,n,y,n,y,y,n,y,n,y,n,y,y,213,7,12,1,1,democrat
democrat,n,y,y,n,n,y,n,y,y,n,y,n,y,n,y,y,213,7,3,2,1,democrat
democrat,n,y,y,n,n,y,n,y,y,n,y,n,y,n,y,y,213,7,6,2,1,democrat
democrat,n,y,y,n,n,y,n,y,y,n,y,n,y,n,y,y,213,7,9,2,1,democrat
democrat,n,y,y,n,n,y,n,y,y,n,y,n,y,n,y,y,213,7,12,2,1,democrat
democrat,y,y,y,n,n,n,y,y,y,n,n,n,n,n,y,y,201,7,3,1,1,democrat
democrat,y,y,y,n,n,n,y,y,y,n,n,n,n,n,y,y,201,7,6,1,1,democrat
democrat,y,y,y,n,n,n,y,y,y,n,n,n,n,n,y,y,201,7,9,1,1,democrat
democrat,y,y,y,n,n,n,y,y,y,n,n,n,n,n,y,y,201,7,12,1,1,democrat
democrat,y,y,y,n,n,n,y,y,y,n,n,n,n,n,y,y,201,7,3,2,1,democrat
democrat,y,y,y,n,n,n,y,y,y,n,n,n,n,n,y,y,201,7,6,2,1,democrat
democrat,y,y,y,n,n,n,y,y,y,n,n,n,n,n,y,y,201,7,9,2,1,democrat
democrat,y,y,y,n,n,n,y,y,y,n,n,n,n,n,y,y,201,7,12,2,1,democrat
democrat,y,n,y,n,n,n,y,y,y,y,n,n,n,n,y,y,426,7,3,1,1,democrat
democrat,y,n,y,n,n,n,y,y,y,y,n,n,n,n,y,y,426,7,6,1,1,democrat
democrat,y,n,y,n,n,n,y,y,y,y,n,n,n,n,y,y,426,7,9,1,1,democrat
democrat,y,n,y,n,n,n,y,y,y,y,n,n,n,n,y,y,426,7,12,1,1,democrat
democrat,y,n,y,n,n,n,y,y,y,y,n,n,n,n,y,y,426,7,3,2,1,democrat
democrat,y,n,y,n,n,n,y,y,y,y,n,n,n,n,y,y,426,7,6,2,1,democrat
democrat,y,n,y,n,n,n,y,y,y,y,n,n,n,n,y,y,426,7,9,2,1,democrat
democrat,y,n,y,n,n,n,y,y,y,y,n,n,n,n,y,y,426,7,12,2,1,democrat
democrat,y,?,y,n,?,?,y,y,y,n,n,n,n,n,y,?,130,7,3,1,1,democrat
democrat,y,?,y,n,?,?,y,y,y,n,n,n,n,n,y,?,130,7,6,1,1,democrat
democrat,y,?,y,n,?,?,y,y,y,n,n,n,n,n,y,?,130,7,9,1,1,democrat
democrat,y,?,y,n,?,?,y,y,y,n,n,n,n,n,y,?,130,7,12,1,1,democrat
democrat,y,?,y,n,?,?,y,y,y,n,n,n,n,n,y,?,130,7,3,2,1,democrat
democrat,y,?,y,n,?,?,y,y,y,n,n,n,n,n,y,?,130,7,6,2,1,democrat
democrat,y,?,y,n,?,?,y,y,y,n,n,n,n,n,y,?,130,7,9,2,1,democrat
democrat,y,?,y,n,?,?,y,y,y,n,n,n,n,n,y,?,130,7,12,2,1,democrat
democrat,y,n,y,n,n,y,y,y,y,y,y,n,n,y,y,y,74,7,3,1,1,democrat
democrat,y,n,y,n,n,y,y,y,y,y,y,n,n,y,y,y,74,7,6,1,1,democrat
democrat,y,n,y,n,n,y,y,y,y,y,y,n,n,y,y,y,74,7,9,1,1,democrat
democrat,y,n,y,n,n,y,y,y,y,y,y,n,n,y,y,y,74,7,12,1,1,democrat
democrat,y,n,y,n,n,y,y,y,y,y,y,n,n,y,y,y,74,7,3,2,1,democrat
democrat,y,n,y,n,n,y,y,y,y,y,y,n,n,y,y,y,74,7,6,2,1,democrat
democrat,y,n,y,n,n,y,y,y,y,y,y,n,n,y,y,y,74,7,9,2,1,democrat
democrat,y,n,y,n,n,y,y,y,y,y,y,n,n,y,y,y,74,7,12,2,1,democrat
democrat,y,y,y,n,n,n,y,y,y,n,n,n,n,n,n,y,46,7,3,1,1,democrat
democrat,y,y,y,n,n,n,y,y,y,n,n,n,n,n,n,y,46,7,6,1,1,democrat
democrat,y,y,y,n,n,n,y,y,y,n,n,n,n,n,n,y,46,7,9,1,1,democrat
democrat,y,y,y,n,n,n,y,y,y,n,n,n,n,n,n,y,46,7,12,1,1,democrat
democrat,y,y,y,n,n,n,y,y,y,n,n,n,n,n,n,y,46,7,3,2,1,democrat
democrat,y,y,y,n,n,n,y,y,y,n,n,n,n,n,n,y,46,7,6,2,1,democrat
democrat,y,y,y,n,n,n,y,y,y,n,n,n,n,n,n,y,46,7,9,2,1,democrat
democrat,y,y,y,n,n,n,y,y,y,n,n,n,n,n,n,y,46,7,12,2,1,democrat
democrat,n,n,y,n,n,y,y,y,y,y,y,n,y,y,n,y,153,7,3,1,1,democrat
democrat,n,n,y,n,n,y,y,y,y,y,y,n,y,y,n,y,153,7,6,1,1,democrat
democrat,n,n,y,n,n,y,y,y,y,y,y,n,y,y,n,y,153,7,9,1,1,democrat
democrat,n,n,y,n,n,y,y,y,y,y,y,n,y,y,n,y,153,7,12,1,1,democrat
democrat,n,n,y,n,n,y,y,y,y,y,y,n,y,y,n,y,153,7,3,2,1,democrat
democrat,n,n,y,n,n,y,y,y,y,y,y,n,y,y,n,y,153,7,6,2,1,democrat
democrat,n,n,y,n,n,y,y,y,y,y,y,n,y,y,n,y,153,7,9,2,1,democrat
democrat,n,n,y,n,n,y,y,y,y,y,y,n,y,y,n,y,153,7,12,2,1,democrat
democrat,n,n,y,n,n,y,y,y,n,n,y,n,n,y,?,y,336,7,3,1,1,democrat
democrat,n,n,y,n,n,y,y,y,n,n,y,n,n,y,?,y,336,7,6,1,1,democrat
democrat,n,n,y,n,n,y,y,y,n,n,y,n,n,y,?,y,336,7,9,1,1,democrat
democrat,n,n,y,n,n,y,y,y,n,n,y,n,n,y,?,y,336,7,12,1,1,democrat
democrat,n,n,y,n,n,y,y,y,n,n,y,n,n,y,?,y,336,7,3,2,1,democrat
democrat,n,n,y,n,n,y,y,y,n,n,y,n,n,y,?,y,336,7,6,2,1,democrat
democrat,n,n,y,n,n,y,y,y,n,n,y,n,n,y,?,y,336,7,9,2,1,democrat
democrat,n,n,y,n,n,y,y,y,n,n,y,n,n,y,?,y,336,7,12,2,1,democrat
democrat,n,y,y,n,n,n,n,y,y,y,y,n,n,n,y,y,118,7,3,1,1,democrat
democrat,n,y,y,n,n,n,n,y,y,y,y,n,n,n,y,y,118,7,6,1,1,democrat
democrat,n,y,y,n,n,n,n,y,y,y,y,n,n,n,y,y,118,7,9,1,1,democrat
democrat,n,y,y,n,n,n,n,y,y,y,y,n,n,n,y,y,118,7,12,1,1,democrat
democrat,n,y,y,n,n,n,n,y,y,y,y,n,n,n,y,y,118,7,3,2,1,democrat
democrat,n,y,y,n,n,n,n,y,y,y,y,n,n,n,y,y,118,7,6,2,1,democrat
democrat,n,y,y,n,n,n,n,y,y,y,y,n,n,n,y,y,118,7,9,2,1,democrat
democrat,n,y,y,n,n,n,n,y,y,y,y,n,n,n,y,y,118,7,12,2,1,democrat
democrat,n,n,y,n,n,n,y,y,y,y,y,n,n,n,y,y,181,7,3,1,1,democrat
democrat,n,n,y,n,n,n,y,y,y,y,y,n,n,n,y,y,181,7,6,1,1,democrat
democrat,n,n,y,n,n,n,y,y,y,y,y,n,n,n,y,y,181,7,9,1,1,democrat
democrat,n,n,y,n,n,n,y,y,y,y,y,n,n,n,y,y,181,7,12,1,1,democrat
democrat,n,n,y,n,n,n,y,y,y,y,y,n,n,n,y,y,181,7,3,2,1,democrat
democrat,n,n,y,n,n,n,y,y,y,y,y,n,n,n,y,y,181,7,6,2,1,democrat
democrat,n,n,y,n,n,n,y,y,y,y,y,n,n,n,y,y,181,7,9,2,1,democrat
democrat,n,n,y,n,n,n,y,y,y,y,y,n,n,n,y,y,181,7,12,2,1,democrat
democrat,?,?,?,?,?,?,?,?,y,?,?,?,?,?,?,?,183,7,3,1,1,democrat
democrat,?,?,?,?,?,?,?,?,y,?,?,?,?,?,?,?,183,7,6,1,1,democrat
democrat,?,?,?,?,?,?,?,?,y,?,?,?,?,?,?,?,183,7,9,1,1,democrat
democrat,?,?,?,?,?,?,?,?,y,?,?,?,?,?,?,?,183,7,12,1,1,democrat
democrat,?,?,?,?,?,?,?,?,y,?,?,?,?,?,?,?,183,7,3,2,1,democrat
democrat,?,?,?,?,?,?,?,?,y,?,?,?,?,?,?,?,183,7,6,2,1,democrat
democrat,?,?,?,?,?,?,?,?,y,?,?,?,?,?,?,?,183,7,9,2,1,democrat
democrat,?,?,?,?,?,?,?,?,y,?,?,?,?,?,?,?,183,7,12,2,1,democrat
democrat,y,n,y,n,n,n,y,y,y,y,n,n,n,y,y,y,255,7,3,1,1,democrat
democrat,y,n,y,n,n,n,y,y,y,y,n,n,n,y,y,y,255,7,6,1,1,democrat
democrat,y,n,y,n,n,n,y,y,y,y,n,n,n,y,y,y,255,7,9,1,1,democrat
democrat,y,n,y,n,n,n,y,y,y,y,n,n,n,y,y,y,255,7,12,1,1,democrat
democrat,y,n,y,n,n,n,y,y,y,y,n,n,n,y,y,y,255,7,3,2,1,democrat
democrat,y,n,y,n,n,n,y,y,y,y,n,n,n,y,y,y,255,7,6,2,1,democrat
democrat,y,n,y,n,n,n,y,y,y,y,n,n,n,y,y,y,255,7,9,2,1,democrat
democrat,y,n,y,n,n,n,y,y,y,y,n,n,n,y,y,y,255,7,12,2,1,democrat
democrat,n,n,y,n,n,n,y,y,y,y,y,?,n,n,y,y,177,7,3,1,1,democrat
democrat,n,n,y,n,n,n,y,y,y,y,y,?,n,n,y,y,177,7,6,1,1,democrat
democrat,n,n,y,n,n,n,y,y,y,y,y,?,n,n,y,y,177,7,9,1,1,democrat
democrat,n,n,y,n,n,n,y,y,y,y,y,?,n,n,y,y,177,7,12,1,1,democrat
democrat,n,n,y,n,n,n,y,y,y,y,y,?,n,n,y,y,177,7,3,2,1,democrat
democrat,n,n,y,n,n,n,y,y,y,y,y,?,n,n,y,y,177,7,6,2,1,democrat
democrat,n,n,y,n,n,n,y,y,y,y,y,?,n,n,y,y,177,7,9,2,1,democrat
democrat,n,n,y,n,n,n,y,y,y,y,y,?,n,n,y,y,177,7,12,2,1,democrat
democrat,y,y,n,n,y,?,n,n,n,n,y,n,y,y,n,y,397,7,3,1,1,democrat
democrat,y,y,n,n,y,?,n,n,n,n,y,n,y,y,n,y,397,7,6,1,1,democrat
democrat,y,y,n,n,y,?,n,n,n,n,y,n,y,y,n,y,397,7,9,1,1,democrat
democrat,y,y,n,n,y,?,n,n,n,n,y,n,y,y,n,y,397,7,12,1,1,democrat
democrat,y,y,n,n,y,?,n,n,n,n,y,n,y,y,n,y,397,7,3,2,1,democrat
democrat,y,y,n,n,y,?,n,n,n,n,y,n,y,y,n,y,397,7,6,2,1,democrat
democrat,y,y,n,n,y,?,n,n,n,n,y,n,y,y,n,y,397,7,9,2,1,democrat
democrat,y,y,n,n,y,?,n,n,n,n,y,n,y,y,n,y,397,7,12,2,1,democrat
democrat,n,y,y,n,n,n,y,y,y,n,n,n,y,n,?,?,12,7,3,1,1,democrat
democrat,n,y,y,n,n,n,y,y,y,n,n,n,y,n,?,?,12,7,6,1,1,democrat
democrat,n,y,y,n,n,n,y,y,y,n,n,n,y,n,?,?,12,7,9,1,1,democrat
democrat,n,y,y,n,n,n,y,y,y,n,n,n,y,n,?,?,12,7,12,1,1,democrat
democrat,n,y,y,n,n,n,y,y,y,n,n,n,y,n,?,?,12,7,3,2,1,democrat
democrat,n,y,y,n,n,n,y,y,y,n,n,n,y,n,?,?,12,7,6,2,1,democrat
democrat,n,y,y,n,n,n,y,y,y,n,n,n,y,n,?,?,12,7,9,2,1,democrat
democrat,n,y,y,n,n,n,y,y,y,n,n,n,y,n,?,?,12,7,12,2,1,democrat
democrat,y,y,y,?,n,n,n,y,n,n,y,?,n,n,y,y,395,7,3,1,1,democrat
democrat,y,y,y,?,n,n,n,y,n,n,y,?,n,n,y,y,395,7,6,1,1,democrat
democrat,y,y,y,?,n,n,n,y,n,n,y,?,n,n,y,y,395,7,9,1,1,democrat
democrat,y,y,y,?,n,n,n,y,n,n,y,?,n,n,y,y,395,7,12,1,1,democrat
democrat,y,y,y,?,n,n,n,y,n,n,y,?,n,n,y,y,395,7,3,2,1,democrat
democrat,y,y,y,?,n,n,n,y,n,n,y,?,n,n,y,y,395,7,6,2,1,democrat
democrat,y,y,y,?,n,n,n,y,n,n,y,?,n,n,y,y,395,7,9,2,1,democrat
democrat,y,y,y,?,n,n,n,y,n,n,y,?,n,n,y,y,395,7,12,2,1,democrat
democrat,y,n,y,n,n,n,y,y,y,n,n,n,n,n,n,y,269,7,3,1,1,democrat
democrat,y,n,y,n,n,n,y,y,y,n,n,n,n,n,n,y,269,7,6,1,1,democrat
democrat,y,n,y,n,n,n,y,y,y,n,n,n,n,n,n,y,269,7,9,1,1,democrat
democrat,y,n,y,n,n,n,y,y,y,n,n,n,n,n,n,y,269,7,12,1,1,democrat
democrat,y,n,y,n,n,n,y,y,y,n,n,n,n,n,n,y,269,7,3,2,1,democrat
democrat,y,n,y,n,n,n,y,y,y,n,n,n,n,n,n,y,269,7,6,2,1,democrat
democrat,y,n,y,n,n,n,y,y,y,n,n,n,n,n,n,y,269,7,9,2,1,democrat
democrat,y,n,y,n,n,n,y,y,y,n,n,n,n,n,n,y,269,7,12,2,1,democrat
democrat,y,n,y,n,n,n,y,y,y,n,n,n,n,n,?,y,227,7,3,1,1,democrat
democrat,y,n,y,n,n,n,y,y,y,n,n,n,n,n,?,y,227,7,6,1,1,democrat
democrat,y,n,y,n,n,n,y,y,y,n,n,n,n,n,?,y,227,7,9,1,1,democrat
democrat,y,n,y,n,n,n,y,y,y,n,n,n,n,n,?,y,227,7,12,1,1,democrat
democrat,y,n,y,n,n,n,y,y,y,n,n,n,n,n,?,y,227,7,3,2,1,democrat
democrat,y,n,y,n,n,n,y,y,y,n,n,n,n,n,?,y,227,7,6,2,1,democrat
democrat,y,n,y,n,n,n,y,y,y,n,n,n,n,n,?,y,227,7,9,2,1,democrat
democrat,y,n,y,n,n,n,y,y,y,n,n,n,n,n,?,y,227,7,12,2,1,democrat
democrat,y,y,y,n,n,n,y,y,y,n,n,n,n,n,y,y,23,7,3,1,1,democrat
democrat,y,y,y,n,n,n,y,y,y,n,n,n,n,n,y,y,23,7,6,1,1,democrat
democrat,y,y,y,n,n,n,y,y,y,n,n,n,n,n,y,y,23,7,9,1,1,democrat
democrat,y,y,y,n,n,n,y,y,y,n,n,n,n,n,y,y,23,7,12,1,1,democrat
democrat,y,y,y,n,n,n,y,y,y,n,n,n,n,n,y,y,23,7,3,2,1,democrat
democrat,y,y,y,n,n,n,y,y,y,n,n,n,n,n,y,y,23,7,6,2,1,democrat
democrat,y,y,y,n,n,n,y,y,y,n,n,n,n,n,y,y,23,7,9,2,1,democrat
democrat,y,y,y,n,n,n,y,y,y,n,n,n,n,n,y,y,23,7,12,2,1,democrat
democrat,n,y,y,n,n,n,n,y,y,n,y,n,n,y,y,y,219,7,3,1,1,democrat
democrat,n,y,y,n,n,n,n,y,y,n,y,n,n,y,y,y,219,7,6,1,1,democrat
democrat,n,y,y,n,n,n,n,y,y,n,y,n,n,y,y,y,219,7,9,1,1,democrat
democrat,n,y,y,n,n,n,n,y,y,n,y,n,n,y,y,y,219,7,12,1,1,democrat
democrat,n,y,y,n,n,n,n,y,y,n,y,n,n,y,y,y,219,7,3,2,1,democrat
democrat,n,y,y,n,n,n,n,y,y,n,y,n,n,y,y,y,219,7,6,2,1,democrat
democrat,n,y,y,n,n,n,n,y,y,n,y,n,n,y,y,y,219,7,9,2,1,democrat
democrat,n,y,y,n,n,n,n,y,y,n,y,n,n,y,y,y,219,7,12,2,1,democrat
democrat,y,y,y,n,y,y,n,y,n,y,y,n,y,y,y,y,288,7,3,1,1,democrat
democrat,y,y,y,n,y,y,n,y,n,y,y,n,y,y,y,y,288,7,6,1,1,democrat
democrat,y,y,y,n,y,y,n,y,n,y,y,n,y,y,y,y,288,7,9,1,1,democrat
democrat,y,y,y,n,y,y,n,y,n,y,y,n,y,y,y,y,288,7,12,1,1,democrat
democrat,y,y,y,n,y,y,n,y,n,y,y,n,y,y,y,y,288,7,3,2,1,democrat
democrat,y,y,y,n,y,y,n,y,n,y,y,n,y,y,y,y,288,7,6,2,1,democrat
democrat,y,y,y,n,y,y,n,y,n,y,y,n,y,y,y,y,288,7,9,2,1,democrat
democrat,y,y,y,n,y,y,n,y,n,y,y,n,y,y,y,y,288,7,12,2,1,democrat
democrat,y,n,y,n,n,n,y,y,y,n,n,n,y,n,y,?,70,7,3,1,1,democrat
democrat,y,n,y,n,n,n,y,y,y,n,n,n,y,n,y,?,70,7,6,1,1,democrat
democrat,y,n,y,n,n,n,y,y,y,n,n,n,y,n,y,?,70,7,9,1,1,democrat
democrat,y,n,y,n,n,n,y,y,y,n,n,n,y,n,y,?,70,7,12,1,1,democrat
democrat,y,n,y,n,n,n,y,y,y,n,n,n,y,n,y,?,70,7,3,2,1,democrat
democrat,y,n,y,n,n,n,y,y,y,n,n,n,y,n,y,?,70,7,6,2,1,democrat
democrat,y,n,y,n,n,n,y,y,y,n,n,n,y,n,y,?,70,7,9,2,1,democrat
democrat,y,n,y,n,n,n,y,y,y,n,n,n,y,n,y,?,70,7,12,2,1,democrat
democrat,y,y,y,n,n,n,y,y,y,n,y,n,n,n,y,y,27,7,3,1,1,democrat
democrat,y,y,y,n,n,n,y,y,y,n,y,n,n,n,y,y,27,7,6,1,1,democrat
democrat,y,y,y,n,n,n,y,y,y,n,y,n,n,n,y,y,27,7,9,1,1,democrat
democrat,y,y,y,n,n,n,y,y,y,n,y,n,n,n,y,y,27,7,12,1,1,democrat
democrat,y,y,y,n,n,n,y,y,y,n,y,n,n,n,y,y,27,7,3,2,1,democrat
democrat,y,y,y,n,n,n,y,y,y,n,y,n,n,n,y,y,27,7,6,2,1,democrat
democrat,y,y,y,n,n,n,y,y,y,n,y,n,n,n,y,y,27,7,9,2,1,democrat
democrat,y,y,y,n,n,n,y,y,y,n,y,n,n,n,y,y,27,7,12,2,1,democrat
democrat,y,y,y,n,y,y,y,y,n,y,y,n,n,n,y,?,367,7,3,1,1,democrat
democrat,y,y,y,n,y,y,y,y,n,y,y,n,n,n,y,?,367,7,6,1,1,democrat
democrat,y,y,y,n,y,y,y,y,n,y,y,n,n,n,y,?,367,7,9,1,1,democrat
democrat,y,y,y,n,y,y,y,y,n,y,y,n,n,n,y,?,367,7,12,1,1,democrat
democrat,y,y,y,n,y,y,y,y,n,y,y,n,n,n,y,?,367,7,3,2,1,democrat
democrat,y,y,y,n,y,y,y,y,n,y,y,n,n,n,y,?,367,7,6,2,1,democrat
democrat,y,y,y,n,y,y,y,y,n,y,y,n,n,n,y,?,367,7,9,2,1,democrat
democrat,y,y,y,n,y,y,y,y,n,y,y,n,n,n,y,?,367,7,12,2,1,democrat
democrat,y,n,y,n,n,n,y,y,y,n,n,n,n,n,y,y,43,7,3,1,1,democrat
democrat,y,n,y,n,n,n,y,y,y,n,n,n,n,n,y,y,43,7,6,1,1,democrat
democrat,y,n,y,n,n,n,y,y,y,n,n,n,n,n,y,y,43,7,9,1,1,democrat
democrat,y,n,y,n,n,n,y,y,y,n,n,n,n,n,y,y,43,7,12,1,1,democrat
democrat,y,n,y,n,n,n,y,y,y,n,n,n,n,n,y,y,43,7,3,2,1,democrat
democrat,y,n,y,n,n,n,y,y,y,n,n,n,n,n,y,y,43,7,6,2,1,democrat
democrat,y,n,y,n,n,n,y,y,y,n,n,n,n,n,y,y,43,7,9,2,1,democrat
democrat,y,n,y,n,n,n,y,y,y,n,n,n,n,n,y,y,43,7,12,2,1,democrat
democrat,y,y,y,n,y,y,y,y,y,y,y,n,y,y,n,?,381,7,3,1,1,democrat
democrat,y,y,y,n,y,y,y,y,y,y,y,n,y,y,n,?,381,7,6,1,1,democrat
democrat,y,y,y,n,y,y,y,y,y,y,y,n,y,y,n,?,381,7,9,1,1,democrat
democrat,y,y,y,n,y,y,y,y,y,y,y,n,y,y,n,?,381,7,12,1,1,democrat
democrat,y,y,y,n,y,y,y,y,y,y,y,n,y,y,n,?,381,7,3,2,1,democrat
democrat,y,y,y,n,y,y,y,y,y,y,y,n,y,y,n,?,381,7,6,2,1,democrat
democrat,y,y,y,n,y,y,y,y,y,y,y,n,y,y,n,?,381,7,9,2,1,democrat
democrat,y,y,y,n,y,y,y,y,y,y,y,n,y,y,n,?,381,7,12,2,1,democrat
democrat,y,n,y,n,n,n,y,y,y,y,y,n,n,y,y,y,241,7,3,1,1,democrat
democrat,y,n,y,n,n,n,y,y,y,y,y,n,n,y,y,y,241,7,6,1,1,democrat
democrat,y,n,y,n,n,n,y,y,y,y,y,n,n,y,y,y,241,7,9,1,1,democrat
democrat,y,n,y,n,n,n,y,y,y,y,y,n,n,y,y,y,241,7,12,1,1,democrat
democrat,y,n,y,n,n,n,y,y,y,y,y,n,n,y,y,y,241,7,3,2,1,democrat
democrat,y,n,y,n,n,n,y,y,y,y,y,n,n,y,y,y,241,7,6,2,1,democrat
democrat,y,n,y,n,n,n,y,y,y,y,y,n,n,y,y,y,241,7,9,2,1,democrat
democrat,y,n,y,n,n,n,y,y,y,y,y,n,n,y,y,y,241,7,12,2,1,democrat
democrat,n,n,y,n,n,n,y,y,y,y,n,n,n,y,n,y,280,7,3,1,1,democrat
democrat,n,n,y,n,n,n,y,y,y,y,n,n,n,y,n,y,280,7,6,1,1,democrat
democrat,n,n,y,n,n,n,y,y,y,y,n,n,n,y,n,y,280,7,9,1,1,democrat
democrat,n,n,y,n,n,n,y,y,y,y,n,n,n,y,n,y,280,7,12,1,1,democrat
democrat,n,n,y,n,n,n,y,y,y,y,n,n,n,y,n,y,280,7,3,2,1,democrat
democrat,n,n,y,n,n,n,y,y,y,y,n,n,n,y,n,y,280,7,6,2,1,democrat
democrat,n,n,y,n,n,n,y,y,y,y,n,n,n,y,n,y,280,7,9,2,1,democrat
democrat,n,n,y,n,n,n,y,y,y,y,n,n,n,y,n,y,280,7,12,2,1,democrat
democrat,y,n,y,n,n,y,y,y,y,n,n,y,?,y,y,y,408,7,3,1,1,democrat
democrat,y,n,y,n,n,y,y,y,y,n,n,y,?,y,y,y,408,7,6,1,1,democrat
democrat,y,n,y,n,n,y,y,y,y,n,n,y,?,y,y,y,408,7,9,1,1,democrat
democrat,y,n,y,n,n,y,y,y,y,n,n,y,?,y,y,y,408,7,12,1,1,democrat
democrat,y,n,y,n,n,y,y,y,y,n,n,y,?,y,y,y,408,7,3,2,1,democrat
democrat,y,n,y,n,n,y,y,y,y,n,n,y,?,y,y,y,408,7,6,2,1,democrat
democrat,y,n,y,n,n,y,y,y,y,n,n,y,?,y,y,y,408,7,9,2,1,democrat
democrat,y,n,y,n,n,y,y,y,y,n,n,y,?,y,y,y,408,7,12,2,1,democrat
democrat,n,y,y,n,n,n,y,y,n,n,y,n,n,n,y,?,232,7,3,1,1,democrat
democrat,n,y,y,n,n,n,y,y,n,n,y,n,n,n,y,?,232,7,6,1,1,democrat
democrat,n,y,y,n,n,n,y,y,n,n,y,n,n,n,y,?,232,7,9,1,1,democrat
democrat,n,y,y,n,n,n,y,y,n,n,y,n,n,n,y,?,232,7,12,1,1,democrat
democrat,n,y,y,n,n,n,y,y,n,n,y,n,n,n,y,?,232,7,3,2,1,democrat
democrat,n,y,y,n,n,n,y,y,n,n,y,n,n,n,y,?,232,7,6,2,1,democrat
democrat,n,y,y,n,n,n,y,y,n,n,y,n,n,n,y,?,232,7,9,2,1,democrat
democrat,n,y,y,n,n,n,y,y,n,n,y,n,n,n,y,?,232,7,12,2,1,democrat
democrat,y,n,y,n,n,n,y,y,y,y,n,n,n,n,n,y,265,7,3,1,1,democrat
democrat,y,n,y,n,n,n,y,y,y,y,n,n,n,n,n,y,265,7,6,1,1,democrat
democrat,y,n,y,n,n,n,y,y,y,y,n,n,n,n,n,y,265,7,9,1,1,democrat
democrat,y,n,y,n,n,n,y,y,y,y,n,n,n,n,n,y,265,7,12,1,1,democrat
democrat,y,n,y,n,n,n,y,y,y,y,n,n,n,n,n,y,265,7,3,2,1,democrat
democrat,y,n,y,n,n,n,y,y,y,y,n,n,n,n,n,y,265,7,6,2,1,democrat
democrat,y,n,y,n,n,n,y,y,y,y,n,n,n,n,n,y,265,7,9,2,1,democrat
democrat,y,n,y,n,n,n,y,y,y,y,n,n,n,n,n,y,265,7,12,2,1,democrat
democrat,?,?,y,n,n,n,y,y,?,n,?,?,?,?,?,?,129,7,3,1,1,democrat
democrat,?,?,y,n,n,n,y,y,?,n,?,?,?,?,?,?,129,7,6,1,1,democrat
democrat,?,?,y,n,n,n,y,y,?,n,?,?,?,?,?,?,129,7,9,1,1,democrat
democrat,?,?,y,n,n,n,y,y,?,n,?,?,?,?,?,?,129,7,12,1,1,democrat
democrat,?,?,y,n,n,n,y,y,?,n,?,?,?,?,?,?,129,7,3,2,1,democrat
democrat,?,?,y,n,n,n,y,y,?,n,?,?,?,?,?,?,129,7,6,2,1,democrat
democrat,?,?,y,n,n,n,y,y,?,n,?,?,?,?,?,?,129,7,9,2,1,democrat
democrat,?,?,y,n,n,n,y,y,?,n,?,?,?,?,?,?,129,7,12,2,1,democrat
democrat,y,n,y,n,n,y,y,y,n,n,n,y,y,n,n,y,237,7,3,1,1,democrat
democrat,y,n,y,n,n,y,y,y,n,n,n,y,y,n,n,y,237,7,6,1,1,democrat
democrat,y,n,y,n,n,y,y,y,n,n,n,y,y,n,n,y,237,7,9,1,1,democrat
democrat,y,n,y,n,n,y,y,y,n,n,n,y,y,n,n,y,237,7,12,1,1,democrat
democrat,y,n,y,n,n,y,y,y,n,n,n,y,y,n,n,y,237,7,3,2,1,democrat
democrat,y,n,y,n,n,y,y,y,n,n,n,y,y,n,n,y,237,7,6,2,1,democrat
democrat,y,n,y,n,n,y,y,y,n,n,n,y,y,n,n,y,237,7,9,2,1,democrat
democrat,y,n,y,n,n,y,y,y,n,n,n,y,y,n,n,y,237,7,12,2,1,democrat
democrat,y,n,y,n,n,n,y,y,y,n,y,n,n,n,y,y,116,7,3,1,1,democrat
democrat,y,n,y,n,n,n,y,y,y,n,y,n,n,n,y,y,116,7,6,1,1,democrat
democrat,y,n,y,n,n,n,y,y,y,n,y,n,n,n,y,y,116,7,9,1,1,democrat
democrat,y,n,y,n,n,n,y,y,y,n,y,n,n,n,y,y,116,7,12,1,1,democrat
democrat,y,n,y,n,n,n,y,y,y,n,y,n,n,n,y,y,116,7,3,2,1,democrat
democrat,y,n,y,n,n,n,y,y,y,n,y,n,n,n,y,y,116,7,6,2,1,democrat
democrat,y,n,y,n,n,n,y,y,y,n,y,n,n,n,y,y,116,7,9,2,1,democrat
democrat,y,n,y,n,n,n,y,y,y,n,y,n,n,n,y,y,116,7,12,2,1,democrat
democrat,y,y,y,n,n,?,y,y,n,n,y,n,n,n,y,y,20,7,3,1,1,democrat
democrat,y,y,y,n,n,?,y,y,n,n,y,n,n,n,y,y,20,7,6,1,1,democrat
democrat,y,y,y,n,n,?,y,y,n,n,y,n,n,n,y,y,20,7,9,1,1,democrat
democrat,y,y,y,n,n,?,y,y,n,n,y,n,n,n,y,y,20,7,12,1,1,democrat
democrat,y,y,y,n,n,?,y,y,n,n,y,n,n,n,y,y,20,7,3,2,1,democrat
democrat,y,y,y,n,n,?,y,y,n,n,y,n,n,n,y,y,20,7,6,2,1,democrat
democrat,y,y,y,n,n,?,y,y,n,n,y,n,n,n,y,y,20,7,9,2,1,democrat
democrat,y,y,y,n,n,?,y,y,n,n,y,n,n,n,y,y,20,7,12,2,1,democrat
democrat,n,?,y,n,?,?,y,y,y,y,?,?,n,n,y,y,115,7,3,1,1,democrat
democrat,n,?,y,n,?,?,y,y,y,y,?,?,n,n,y,y,115,7,6,1,1,democrat
democrat,n,?,y,n,?,?,y,y,y,y,?,?,n,n,y,y,115,7,9,1,1,democrat
democrat,n,?,y,n,?,?,y,y,y,y,?,?,n,n,y,y,115,7,12,1,1,democrat
democrat,n,?,y,n,?,?,y,y,y,y,?,?,n,n,y,y,115,7,3,2,1,democrat
democrat,n,?,y,n,?,?,y,y,y,y,?,?,n,n,y,y,115,7,6,2,1,democrat
democrat,n,?,y,n,?,?,y,y,y,y,?,?,n,n,y,y,115,7,9,2,1,democrat
democrat,n,?,y,n,?,?,y,y,y,y,?,?,n,n,y,y,115,7,12,2,1,democrat
democrat,n,y,y,n,n,y,y,y,n,y,y,n,y,y,n,?,294,7,3,1,1,democrat
democrat,n,y,y,n,n,y,y,y,n,y,y,n,y,y,n,?,294,7,6,1,1,democrat
democrat,n,y,y,n,n,y,y,y,n,y,y,n,y,y,n,?,294,7,9,1,1,democrat
democrat,n,y,y,n,n,y,y,y,n,y,y,n,y,y,n,?,294,7,12,1,1,democrat
democrat,n,y,y,n,n,y,y,y,n,y,y,n,y,y,n,?,294,7,3,2,1,democrat
democrat,n,y,y,n,n,y,y,y,n,y,y,n,y,y,n,?,294,7,6,2,1,democrat
democrat,n,y,y,n,n,y,y,y,n,y,y,n,y,y,n,?,294,7,9,2,1,democrat
democrat,n,y,y,n,n,y,y,y,n,y,y,n,y,y,n,?,294,7,12,2,1,democrat
democrat,y,n,y,n,n,n,y,y,?,n,y,n,n,n,y,y,249,7,3,1,1,democrat
democrat,y,n,y,n,n,n,y,y,?,n,y,n,n,n,y,y,249,7,6,1,1,democrat
democrat,y,n,y,n,n,n,y,y,?,n,y,n,n,n,y,y,249,7,9,1,1,democrat
democrat,y,n,y,n,n,n,y,y,?,n,y,n,n,n,y,y,249,7,12,1,1,democrat
democrat,y,n,y,n,n,n,y,y,?,n,y,n,n,n,y,y,249,7,3,2,1,democrat
democrat,y,n,y,n,n,n,y,y,?,n,y,n,n,n,y,y,249,7,6,2,1,democrat
democrat,y,n,y,n,n,n,y,y,?,n,y,n,n,n,y,y,249,7,9,2,1,democrat
democrat,y,n,y,n,n,n,y,y,?,n,y,n,n,n,y,y,249,7,12,2,1,democrat
democrat,n,y,y,n,n,n,y,y,y,y,y,n,n,n,y,y,186,7,3,1,1,democrat
democrat,n,y,y,n,n,n,y,y,y,y,y,n,n,n,y,y,186,7,6,1,1,democrat
democrat,n,y,y,n,n,n,y,y,y,y,y,n,n,n,y,y,186,7,9,1,1,democrat
democrat,n,y,y,n,n,n,y,y,y,y,y,n,n,n,y,y,186,7,12,1,1,democrat
democrat,n,y,y,n,n,n,y,y,y,y,y,n,n,n,y,y,186,7,3,2,1,democrat
democrat,n,y,y,n,n,n,y,y,y,y,y,n,n,n,y,y,186,7,6,2,1,democrat
democrat,n,y,y,n,n,n,y,y,y,y,y,n,n,n,y,y,186,7,9,2,1,democrat
democrat,n,y,y,n,n,n,y,y,y,y,y,n,n,n,y,y,186,7,12,2,1,democrat
democrat,n,n,n,n,n,y,y,y,y,n,y,n,n,y,y,y,192,7,3,1,1,democrat
democrat,n,n,n,n,n,y,y,y,y,n,y,n,n,y,y,y,192,7,6,1,1,democrat
democrat,n,n,n,n,n,y,y,y,y,n,y,n,n,y,y,y,192,7,9,1,1,democrat
democrat,n,n,n,n,n,y,y,y,y,n,y,n,n,y,y,y,192,7,12,1,1,democrat
democrat,n,n,n,n,n,y,y,y,y,n,y,n,n,y,y,y,192,7,3,2,1,democrat
democrat,n,n,n,n,n,y,y,y,y,n,y,n,n,y,y,y,192,7,6,2,1,democrat
democrat,n,n,n,n,n,y,y,y,y,n,y,n,n,y,y,y,192,7,9,2,1,democrat
democrat,n,n,n,n,n,y,y,y,y,n,y,n,n,y,y,y,192,7,12,2,1,democrat
democrat,n,n,y,n,n,n,y,y,y,y,y,n,n,n,y,y,344,7,3,1,1,democrat
democrat,n,n,y,n,n,n,y,y,y,y,y,n,n,n,y,y,344,7,6,1,1,democrat
democrat,n,n,y,n,n,n,y,y,y,y,y,n,n,n,y,y,344,7,9,1,1,democrat
democrat,n,n,y,n,n,n,y,y,y,y,y,n,n,n,y,y,344,7,12,1,1,democrat
democrat,n,n,y,n,n,n,y,y,y,y,y,n,n,n,y,y,344,7,3,2,1,democrat
democrat,n,n,y,n,n,n,y,y,y,y,y,n,n,n,y,y,344,7,6,2,1,democrat
democrat,n,n,y,n,n,n,y,y,y,y,y,n,n,n,y,y,344,7,9,2,1,democrat
democrat,n,n,y,n,n,n,y,y,y,y,y,n,n,n,y,y,344,7,12,2,1,democrat
democrat,y,y,y,n,n,y,y,y,y,y,y,n,y,y,y,y,293,7,3,1,1,democrat
democrat,y,y,y,n,n,y,y,y,y,y,y,n,y,y,y,y,293,7,6,1,1,democrat
democrat,y,y,y,n,n,y,y,y,y,y,y,n,y,y,y,y,293,7,9,1,1,democrat
democrat,y,y,y,n,n,y,y,y,y,y,y,n,y,y,y,y,293,7,12,1,1,democrat
democrat,y,y,y,n,n,y,y,y,y,y,y,n,y,y,y,y,293,7,3,2,1,democrat
democrat,y,y,y,n,n,y,y,y,y,y,y,n,y,y,y,y,293,7,6,2,1,democrat
democrat,y,y,y,n,n,y,y,y,y,y,y,n,y,y,y,y,293,7,9,2,1,democrat
democrat,y,y,y,n,n,y,y,y,y,y,y,n,y,y,y,y,293,7,12,2,1,democrat
democrat,n,n,y,n,n,n,y,y,y,y,y,n,n,n,y,y,184,7,3,1,1,democrat
democrat,n,n,y,n,n,n,y,y,y,y,y,n,n,n,y,y,184,7,6,1,1,democrat
democrat,n,n,y,n,n,n,y,y,y,y,y,n,n,n,y,y,184,7,9,1,1,democrat
democrat,n,n,y,n,n,n,y,y,y,y,y,n,n,n,y,y,184,7,12,1,1,democrat
democrat,n,n,y,n,n,n,y,y,y,y,y,n,n,n,y,y,184,7,3,2,1,democrat
democrat,n,n,y,n,n,n,y,y,y,y,y,n,n,n,y,y,184,7,6,2,1,democrat
democrat,n,n,y,n,n,n,y,y,y,y,y,n,n,n,y,y,184,7,9,2,1,democrat
democrat,n,n,y,n,n,n,y,y,y,y,y,n,n,n,y,y,184,7,12,2,1,democrat
democrat,n,n,y,n,n,n,y,y,n,y,y,n,n,n,y,?,425,7,3,1,1,democrat
democrat,n,n,y,n,n,n,y,y,n,y,y,n,n,n,y,?,425,7,6,1,1,democrat
democrat,n,n,y,n,n,n,y,y,n,y,y,n,n,n,y,?,425,7,9,1,1,democrat
democrat,n,n,y,n,n,n,y,y,n,y,y,n,n,n,y,?,425,7,12,1,1,democrat
democrat,n,n,y,n,n,n,y,y,n,y,y,n,n,n,y,?,425,7,3,2,1,democrat
democrat,n,n,y,n,n,n,y,y,n,y,y,n,n,n,y,?,425,7,6,2,1,democrat
democrat,n,n,y,n,n,n,y,y,n,y,y,n,n,n,y,?,425,7,9,2,1,democrat
democrat,n,n,y,n,n,n,y,y,n,y,y,n,n,n,y,?,425,7,12,2,1,democrat
democrat,y,y,y,?,n,y,y,y,y,n,y,n,y,n,?,y,287,7,3,1,1,democrat
democrat,y,y,y,?,n,y,y,y,y,n,y,n,y,n,?,y,287,7,6,1,1,democrat
democrat,y,y,y,?,n,y,y,y,y,n,y,n,y,n,?,y,287,7,9,1,1,democrat
democrat,y,y,y,?,n,y,y,y,y,n,y,n,y,n,?,y,287,7,12,1,1,democrat
democrat,y,y,y,?,n,y,y,y,y,n,y,n,y,n,?,y,287,7,3,2,1,democrat
democrat,y,y,y,?,n,y,y,y,y,n,y,n,y,n,?,y,287,7,6,2,1,democrat
democrat,y,y,y,?,n,y,y,y,y,n,y,n,y,n,?,y,287,7,9,2,1,democrat
democrat,y,y,y,?,n,y,y,y,y,n,y,n,y,n,?,y,287,7,12,2,1,democrat
